ano,mes,nino34_anomaly,enso_regime,enso_prob_el_nino,enso_prob_la_nina,enso_strength
1982,1,0.08,neutral,53,46,0.08
1982,2,-0.2,neutral,42,58,0.2
1982,3,-0.14,neutral,44,55,0.14
1982,4,0.02,neutral,50,49,0.02
1982,5,0.49,neutral,69,30,0.49
1982,6,0.65,el_nino,76,24,0.65
1982,7,0.27,neutral,60,39,0.27
1982,8,0.86,el_nino,84,15,0.86
1982,9,1.24,el_nino,95,5,1.24
1982,10,1.73,el_nino,95,5,1.73
1982,11,1.68,el_nino,95,5,1.68
1982,12,2.21,el_nino,95,5,2.21
1983,1,2.13,el_nino,95,5,2.13
1983,2,1.81,el_nino,95,5,1.81
1983,3,1.22,el_nino,95,5,1.22
1983,4,0.68,el_nino,77,22,0.68
1983,5,0.68,el_nino,77,22,0.68
1983,6,0.45,neutral,68,32,0.45
1983,7,-0.33,neutral,36,63,0.33
1983,8,-0.44,neutral,32,67,0.44
1983,9,-0.38,neutral,34,65,0.38
1983,10,-1.02,la_nina,9,90,1.02
1983,11,-1.29,la_nina,5,95,1.29
1983,12,-1.16,la_nina,5,95,1.16
1984,1,-0.96,la_nina,11,88,0.96
1984,2,-0.16,neutral,43,56,0.16
1984,3,-0.52,la_nina,29,70,0.52
1984,4,-0.54,la_nina,28,71,0.54
1984,5,-0.69,la_nina,22,77,0.69
1984,6,-1.03,la_nina,8,91,1.03
1984,7,-0.68,la_nina,22,77,0.68
1984,8,-0.54,la_nina,28,71,0.54
1984,9,-0.41,neutral,33,66,0.41
1984,10,-0.75,la_nina,20,80,0.75
1984,11,-1.3,la_nina,5,95,1.3
1984,12,-1.48,la_nina,5,95,1.48
1985,1,-1.3,la_nina,5,95,1.3
1985,2,-0.92,la_nina,13,86,0.92
1985,3,-0.89,la_nina,14,85,0.89
1985,4,-1.1,la_nina,6,94,1.1
1985,5,-1.08,la_nina,6,93,1.08
1985,6,-1.08,la_nina,6,93,1.08
1985,7,-0.8,la_nina,18,82,0.8
1985,8,-0.63,la_nina,24,75,0.63
1985,9,-0.77,la_nina,19,80,0.77
1985,10,-0.74,la_nina,20,79,0.74
1985,11,-0.59,la_nina,26,73,0.59
1985,12,-0.59,la_nina,26,73,0.59
1986,1,-0.72,la_nina,21,78,0.72
1986,2,-0.78,la_nina,18,81,0.78
1986,3,-0.6,la_nina,26,74,0.6
1986,4,-0.52,la_nina,29,70,0.52
1986,5,-0.56,la_nina,27,72,0.56
1986,6,-0.33,neutral,36,63,0.33
1986,7,-0.04,neutral,48,51,0.04
1986,8,0.19,neutral,57,42,0.19
1986,9,0.4,neutral,66,34,0.4
1986,10,0.51,el_nino,70,29,0.51
1986,11,0.54,el_nino,71,28,0.54
1986,12,0.82,el_nino,82,17,0.82
1987,1,0.94,el_nino,87,12,0.94
1987,2,0.82,el_nino,82,17,0.82
1987,3,0.89,el_nino,85,14,0.89
1987,4,0.45,neutral,68,32,0.45
1987,5,0.32,neutral,62,37,0.32
1987,6,0.72,el_nino,78,21,0.72
1987,7,1.04,el_nino,91,8,1.04
1987,8,1.2,el_nino,95,5,1.2
1987,9,1.32,el_nino,95,5,1.32
1987,10,0.97,el_nino,88,11,0.97
1987,11,0.85,el_nino,84,16,0.85
1987,12,0.77,el_nino,80,19,0.77
1988,1,0.67,el_nino,76,23,0.67
1988,2,0.22,neutral,58,41,0.22
1988,3,0.06,neutral,52,47,0.06
1988,4,-0.55,la_nina,28,72,0.55
1988,5,-1.32,la_nina,5,95,1.32
1988,6,-1.7,la_nina,5,95,1.7
1988,7,-1.73,la_nina,5,95,1.73
1988,8,-1.43,la_nina,5,95,1.43
1988,9,-0.93,la_nina,12,87,0.93
1988,10,-2.01,la_nina,5,95,2.01
1988,11,-2.22,la_nina,5,95,2.22
1988,12,-2.01,la_nina,5,95,2.01
1989,1,-2.0,la_nina,5,95,2.0
1989,2,-1.48,la_nina,5,95,1.48
1989,3,-1.44,la_nina,5,95,1.44
1989,4,-1.32,la_nina,5,95,1.32
1989,5,-0.89,la_nina,14,85,0.89
1989,6,-0.67,la_nina,23,76,0.67
1989,7,-0.57,la_nina,27,72,0.57
1989,8,-0.72,la_nina,21,78,0.72
1989,9,-0.51,la_nina,29,70,0.51
1989,10,-0.55,la_nina,28,72,0.55
1989,11,-0.62,la_nina,25,74,0.62
1989,12,-0.2,neutral,42,58,0.2
1990,1,-0.11,neutral,45,54,0.11
1990,2,0.01,neutral,50,49,0.01
1990,3,-0.18,neutral,42,57,0.18
1990,4,-0.06,neutral,47,52,0.06
1990,5,0.04,neutral,51,48,0.04
1990,6,-0.26,neutral,39,60,0.26
1990,7,-0.03,neutral,48,51,0.03
1990,8,0.09,neutral,53,46,0.09
1990,9,-0.03,neutral,48,51,0.03
1990,10,0.18,neutral,57,42,0.18
1990,11,-0.09,neutral,46,53,0.09
1990,12,0.22,neutral,58,41,0.22
1991,1,0.33,neutral,63,36,0.33
1991,2,0.14,neutral,55,44,0.14
1991,3,-0.08,neutral,46,53,0.08
1991,4,0.08,neutral,53,46,0.08
1991,5,0.25,neutral,60,40,0.25
1991,6,0.39,neutral,65,34,0.39
1991,7,0.47,neutral,68,31,0.47
1991,8,0.6,el_nino,74,26,0.6
1991,9,0.31,neutral,62,37,0.31
1991,10,0.64,el_nino,75,24,0.64
1991,11,0.89,el_nino,85,14,0.89
1991,12,1.5,el_nino,95,5,1.5
1992,1,1.67,el_nino,95,5,1.67
1992,2,1.55,el_nino,95,5,1.55
1992,3,1.16,el_nino,95,5,1.16
1992,4,1.0,el_nino,90,10,1.0
1992,5,0.91,el_nino,86,13,0.91
1992,6,0.42,neutral,66,33,0.42
1992,7,0.15,neutral,56,44,0.15
1992,8,-0.08,neutral,46,53,0.08
1992,9,-0.16,neutral,43,56,0.16
1992,10,-0.5,neutral,30,70,0.5
1992,11,-0.18,neutral,42,57,0.18
1992,12,0.14,neutral,55,44,0.14
1993,1,0.16,neutral,56,43,0.16
1993,2,0.34,neutral,63,36,0.34
1993,3,0.23,neutral,59,40,0.23
1993,4,0.32,neutral,62,37,0.32
1993,5,0.65,el_nino,76,24,0.65
1993,6,0.15,neutral,56,44,0.15
1993,7,0.22,neutral,58,41,0.22
1993,8,-0.04,neutral,48,51,0.04
1993,9,0.24,neutral,59,40,0.24
1993,10,0.19,neutral,57,42,0.19
1993,11,0.08,neutral,53,46,0.08
1993,12,0.1,neutral,54,46,0.1
1994,1,0.02,neutral,50,49,0.02
1994,2,-0.08,neutral,46,53,0.08
1994,3,0.15,neutral,56,44,0.15
1994,4,0.08,neutral,53,46,0.08
1994,5,0.12,neutral,54,45,0.12
1994,6,0.13,neutral,55,44,0.13
1994,7,-0.01,neutral,49,50,0.01
1994,8,0.4,neutral,66,34,0.4
1994,9,0.28,neutral,61,38,0.28
1994,10,0.6,el_nino,74,26,0.6
1994,11,0.91,el_nino,86,13,0.91
1994,12,1.15,el_nino,95,5,1.15
1995,1,0.75,el_nino,80,20,0.75
1995,2,0.64,el_nino,75,24,0.64
1995,3,0.3,neutral,62,38,0.3
1995,4,0.07,neutral,52,47,0.07
1995,5,-0.21,neutral,41,58,0.21
1995,6,-0.36,neutral,35,64,0.36
1995,7,-0.21,neutral,41,58,0.21
1995,8,-0.57,la_nina,27,72,0.57
1995,9,-0.66,la_nina,23,76,0.66
1995,10,-0.94,la_nina,12,87,0.94
1995,11,-1.01,la_nina,9,90,1.01
1995,12,-0.91,la_nina,13,86,0.91
1996,1,-0.83,la_nina,16,83,0.83
1996,2,-0.77,la_nina,19,80,0.77
1996,3,-0.66,la_nina,23,76,0.66
1996,4,-0.49,neutral,30,69,0.49
1996,5,-0.51,la_nina,29,70,0.51
1996,6,-0.48,neutral,30,69,0.48
1996,7,-0.37,neutral,35,64,0.37
1996,8,-0.31,neutral,37,62,0.31
1996,9,-0.35,neutral,36,64,0.35
1996,10,-0.55,la_nina,28,72,0.55
1996,11,-0.43,neutral,32,67,0.43
1996,12,-0.6,la_nina,26,74,0.6
1997,1,-0.61,la_nina,25,74,0.61
1997,2,-0.39,neutral,34,65,0.39
1997,3,-0.36,neutral,35,64,0.36
1997,4,-0.11,neutral,45,54,0.11
1997,5,0.4,neutral,66,34,0.4
1997,6,0.81,el_nino,82,17,0.81
1997,7,1.27,el_nino,95,5,1.27
1997,8,1.68,el_nino,95,5,1.68
1997,9,1.84,el_nino,95,5,1.84
1997,10,1.96,el_nino,95,5,1.96
1997,11,2.11,el_nino,95,5,2.11
1997,12,2.1,el_nino,95,5,2.1
1998,1,2.03,el_nino,95,5,2.03
1998,2,1.74,el_nino,95,5,1.74
1998,3,1.18,el_nino,95,5,1.18
1998,4,0.5,neutral,70,30,0.5
1998,5,0.45,neutral,68,32,0.45
1998,6,-0.75,la_nina,20,80,0.75
1998,7,-1.15,la_nina,5,95,1.15
1998,8,-1.2,la_nina,5,95,1.2
1998,9,-1.03,la_nina,8,91,1.03
1998,10,-1.34,la_nina,5,95,1.34
1998,11,-1.31,la_nina,5,95,1.31
1998,12,-1.73,la_nina,5,95,1.73
1999,1,-1.58,la_nina,5,95,1.58
1999,2,-1.1,la_nina,6,94,1.1
1999,3,-0.89,la_nina,14,85,0.89
1999,4,-0.99,la_nina,10,89,0.99
1999,5,-0.92,la_nina,13,86,0.92
1999,6,-1.08,la_nina,6,93,1.08
1999,7,-1.03,la_nina,8,91,1.03
1999,8,-1.22,la_nina,5,95,1.22
1999,9,-1.03,la_nina,8,91,1.03
1999,10,-1.19,la_nina,5,95,1.19
1999,11,-1.63,la_nina,5,95,1.63
1999,12,-1.65,la_nina,5,95,1.65
2000,1,-1.77,la_nina,5,95,1.77
2000,2,-1.52,la_nina,5,95,1.52
2000,3,-1.13,la_nina,5,95,1.13
2000,4,-0.9,la_nina,14,86,0.9
2000,5,-0.97,la_nina,11,88,0.97
2000,6,-0.7,la_nina,22,78,0.7
2000,7,-0.73,la_nina,20,79,0.73
2000,8,-0.51,la_nina,29,70,0.51
2000,9,-0.52,la_nina,29,70,0.52
2000,10,-0.71,la_nina,21,78,0.71
2000,11,-0.9,la_nina,14,86,0.9
2000,12,-1.05,la_nina,8,92,1.05
2001,1,-0.76,la_nina,19,80,0.76
2001,2,-0.56,la_nina,27,72,0.56
2001,3,-0.37,neutral,35,64,0.37
2001,4,-0.56,la_nina,27,72,0.56
2001,5,-0.46,neutral,31,68,0.46
2001,6,-0.16,neutral,43,56,0.16
2001,7,-0.11,neutral,45,54,0.11
2001,8,-0.09,neutral,46,53,0.09
2001,9,-0.19,neutral,42,57,0.19
2001,10,-0.25,neutral,40,60,0.25
2001,11,-0.48,neutral,30,69,0.48
2001,12,-0.53,la_nina,28,71,0.53
2002,1,-0.2,neutral,42,58,0.2
2002,2,0.03,neutral,51,48,0.03
2002,3,-0.06,neutral,47,52,0.06
2002,4,0.03,neutral,51,48,0.03
2002,5,0.19,neutral,57,42,0.19
2002,6,0.6,el_nino,74,26,0.6
2002,7,0.58,el_nino,73,26,0.58
2002,8,0.66,el_nino,76,23,0.66
2002,9,0.85,el_nino,84,16,0.85
2002,10,1.02,el_nino,90,9,1.02
2002,11,1.2,el_nino,95,5,1.2
2002,12,1.3,el_nino,95,5,1.3
2003,1,0.88,el_nino,85,14,0.88
2003,2,0.65,el_nino,76,24,0.65
2003,3,0.5,neutral,70,30,0.5
2003,4,-0.14,neutral,44,55,0.14
2003,5,-0.6,la_nina,26,74,0.6
2003,6,-0.34,neutral,36,63,0.34
2003,7,0.04,neutral,51,48,0.04
2003,8,0.04,neutral,51,48,0.04
2003,9,0.18,neutral,57,42,0.18
2003,10,0.42,neutral,66,33,0.42
2003,11,0.21,neutral,58,41,0.21
2003,12,0.34,neutral,63,36,0.34
2004,1,0.22,neutral,58,41,0.22
2004,2,0.16,neutral,56,43,0.16
2004,3,-0.18,neutral,42,57,0.18
2004,4,-0.04,neutral,48,51,0.04
2004,5,0.07,neutral,52,47,0.07
2004,6,-0.0,neutral,50,50,0.0
2004,7,0.47,neutral,68,31,0.47
2004,8,0.61,el_nino,74,25,0.61
2004,9,0.67,el_nino,76,23,0.67
2004,10,0.64,el_nino,75,24,0.64
2004,11,0.59,el_nino,73,26,0.59
2004,12,0.63,el_nino,75,24,0.63
2005,1,0.61,el_nino,74,25,0.61
2005,2,0.24,neutral,59,40,0.24
2005,3,0.27,neutral,60,39,0.27
2005,4,0.13,neutral,55,44,0.13
2005,5,0.22,neutral,58,41,0.22
2005,6,0.2,neutral,58,42,0.2
2005,7,0.08,neutral,53,46,0.08
2005,8,0.06,neutral,52,47,0.06
2005,9,-0.12,neutral,45,54,0.12
2005,10,-0.07,neutral,47,52,0.07
2005,11,-0.54,la_nina,28,71,0.54
2005,12,-0.8,la_nina,18,82,0.8
2006,1,-0.93,la_nina,12,87,0.93
2006,2,-0.67,la_nina,23,76,0.67
2006,3,-0.66,la_nina,23,76,0.66
2006,4,-0.28,neutral,38,61,0.28
2006,5,-0.06,neutral,47,52,0.06
2006,6,0.08,neutral,53,46,0.08
2006,7,-0.01,neutral,49,50,0.01
2006,8,0.33,neutral,63,36,0.33
2006,9,0.53,el_nino,71,28,0.53
2006,10,0.65,el_nino,76,24,0.65
2006,11,0.85,el_nino,84,16,0.85
2006,12,1.1,el_nino,94,6,1.1
2007,1,0.75,el_nino,80,20,0.75
2007,2,0.11,neutral,54,45,0.11
2007,3,-0.08,neutral,46,53,0.08
2007,4,-0.1,neutral,46,54,0.1
2007,5,-0.43,neutral,32,67,0.43
2007,6,-0.14,neutral,44,55,0.14
2007,7,-0.41,neutral,33,66,0.41
2007,8,-0.58,la_nina,26,73,0.58
2007,9,-0.86,la_nina,15,84,0.86
2007,10,-1.19,la_nina,5,95,1.19
2007,11,-1.42,la_nina,5,95,1.42
2007,12,-1.18,la_nina,5,95,1.18
2008,1,-1.59,la_nina,5,95,1.59
2008,2,-1.49,la_nina,5,95,1.49
2008,3,-0.94,la_nina,12,87,0.94
2008,4,-0.85,la_nina,16,84,0.85
2008,5,-0.69,la_nina,22,77,0.69
2008,6,-0.64,la_nina,24,75,0.64
2008,7,-0.27,neutral,39,60,0.27
2008,8,-0.07,neutral,47,52,0.07
2008,9,-0.24,neutral,40,59,0.24
2008,10,-0.2,neutral,42,58,0.2
2008,11,-0.35,neutral,36,64,0.35
2008,12,-0.82,la_nina,17,82,0.82
2009,1,-0.8,la_nina,18,82,0.8
2009,2,-0.6,la_nina,26,74,0.6
2009,3,-0.62,la_nina,25,74,0.62
2009,4,-0.16,neutral,43,56,0.16
2009,5,0.18,neutral,57,42,0.18
2009,6,0.42,neutral,66,33,0.42
2009,7,0.53,el_nino,71,28,0.53
2009,8,0.69,el_nino,77,22,0.69
2009,9,0.71,el_nino,78,21,0.71
2009,10,0.92,el_nino,86,13,0.92
2009,11,1.43,el_nino,95,5,1.43
2009,12,1.68,el_nino,95,5,1.68
2010,1,1.53,el_nino,95,5,1.53
2010,2,1.19,el_nino,95,5,1.19
2010,3,1.11,el_nino,94,5,1.11
2010,4,0.59,el_nino,73,26,0.59
2010,5,-0.11,neutral,45,54,0.11
2010,6,-0.55,la_nina,28,72,0.55
2010,7,-0.92,la_nina,13,86,0.92
2010,8,-1.21,la_nina,5,95,1.21
2010,9,-1.31,la_nina,5,95,1.31
2010,10,-1.41,la_nina,5,95,1.41
2010,11,-1.44,la_nina,5,95,1.44
2010,12,-1.21,la_nina,5,95,1.21
2011,1,-1.48,la_nina,5,95,1.48
2011,2,-1.19,la_nina,5,95,1.19
2011,3,-0.83,la_nina,16,83,0.83
2011,4,-0.76,la_nina,19,80,0.76
2011,5,-0.39,neutral,34,65,0.39
2011,6,-0.31,neutral,37,62,0.31
2011,7,-0.19,neutral,42,57,0.19
2011,8,-0.42,neutral,33,66,0.42
2011,9,-0.67,la_nina,23,76,0.67
2011,10,-0.71,la_nina,21,78,0.71
2011,11,-0.98,la_nina,10,89,0.98
2011,12,-0.99,la_nina,10,89,0.99
2012,1,-0.65,la_nina,24,76,0.65
2012,2,-0.55,la_nina,28,72,0.55
2012,3,-0.44,neutral,32,67,0.44
2012,4,-0.51,la_nina,29,70,0.51
2012,5,-0.19,neutral,42,57,0.19
2012,6,0.24,neutral,59,40,0.24
2012,7,0.27,neutral,60,39,0.27
2012,8,0.68,el_nino,77,22,0.68
2012,9,0.44,neutral,67,32,0.44
2012,10,0.36,neutral,64,35,0.36
2012,11,0.5,neutral,70,30,0.5
2012,12,-0.47,neutral,31,68,0.47
2013,1,-0.48,neutral,30,69,0.48
2013,2,-0.48,neutral,30,69,0.48
2013,3,-0.22,neutral,41,58,0.22
2013,4,0.11,neutral,54,45,0.11
2013,5,-0.3,neutral,38,62,0.3
2013,6,-0.34,neutral,36,63,0.34
2013,7,-0.26,neutral,39,60,0.26
2013,8,-0.47,neutral,31,68,0.47
2013,9,0.05,neutral,52,48,0.05
2013,10,-0.15,neutral,44,56,0.15
2013,11,-0.09,neutral,46,53,0.09
2013,12,-0.18,neutral,42,57,0.18
2014,1,-0.49,neutral,30,69,0.49
2014,2,-0.85,la_nina,16,84,0.85
2014,3,-0.34,neutral,36,63,0.34
2014,4,0.18,neutral,57,42,0.18
2014,5,0.45,neutral,68,32,0.45
2014,6,0.47,neutral,68,31,0.47
2014,7,-0.03,neutral,48,51,0.03
2014,8,-0.01,neutral,49,50,0.01
2014,9,0.31,neutral,62,37,0.31
2014,10,0.43,neutral,67,32,0.43
2014,11,0.75,el_nino,80,20,0.75
2014,12,0.63,el_nino,75,24,0.63
2015,1,0.51,el_nino,70,29,0.51
2015,2,0.75,el_nino,80,20,0.75
2015,3,0.44,neutral,67,32,0.44
2015,4,0.82,el_nino,82,17,0.82
2015,5,0.83,el_nino,83,16,0.83
2015,6,1.02,el_nino,90,9,1.02
2015,7,1.26,el_nino,95,5,1.26
2015,8,1.65,el_nino,95,5,1.65
2015,9,1.79,el_nino,95,5,1.79
2015,10,2.21,el_nino,95,5,2.21
2015,11,2.72,el_nino,95,5,2.72
2015,12,2.39,el_nino,95,5,2.39
2016,1,2.47,el_nino,95,5,2.47
2016,2,2.23,el_nino,95,5,2.23
2016,3,1.61,el_nino,95,5,1.61
2016,4,0.98,el_nino,89,10,0.98
2016,5,0.27,neutral,60,39,0.27
2016,6,0.02,neutral,50,49,0.02
2016,7,-0.42,neutral,33,66,0.42
2016,8,-0.49,neutral,30,69,0.49
2016,9,-0.43,neutral,32,67,0.43
2016,10,-0.7,la_nina,22,78,0.7
2016,11,-0.64,la_nina,24,75,0.64
2016,12,-0.33,neutral,36,63,0.33
2017,1,-0.26,neutral,39,60,0.26
2017,2,0.1,neutral,54,46,0.1
2017,3,0.21,neutral,58,41,0.21
2017,4,0.36,neutral,64,35,0.36
2017,5,0.42,neutral,66,33,0.42
2017,6,0.39,neutral,65,34,0.39
2017,7,0.28,neutral,61,38,0.28
2017,8,-0.06,neutral,47,52,0.06
2017,9,-0.32,neutral,37,62,0.32
2017,10,-0.37,neutral,35,64,0.37
2017,11,-0.91,la_nina,13,86,0.91
2017,12,-0.93,la_nina,12,87,0.93
2018,1,-0.7,la_nina,22,78,0.7
2018,2,-0.67,la_nina,23,76,0.67
2018,3,-0.73,la_nina,20,79,0.73
2018,4,-0.49,neutral,30,69,0.49
2018,5,-0.11,neutral,45,54,0.11
2018,6,0.15,neutral,56,44,0.15
2018,7,0.22,neutral,58,41,0.22
2018,8,0.28,neutral,61,38,0.28
2018,9,0.33,neutral,63,36,0.33
2018,10,0.86,el_nino,84,15,0.86
2018,11,0.86,el_nino,84,15,0.86
2018,12,0.9,el_nino,86,14,0.9
2019,1,0.67,el_nino,76,23,0.67
2019,2,0.71,el_nino,78,21,0.71
2019,3,0.97,el_nino,88,11,0.97
2019,4,0.72,el_nino,78,21,0.72
2019,5,0.75,el_nino,80,20,0.75
2019,6,0.6,el_nino,74,26,0.6
2019,7,0.42,neutral,66,33,0.42
2019,8,0.15,neutral,56,44,0.15
2019,9,-0.01,neutral,49,50,0.01
2019,10,0.52,el_nino,70,29,0.52
2019,11,0.46,neutral,68,31,0.46
2019,12,0.44,neutral,67,32,0.44
2020,1,0.52,el_nino,70,29,0.52
2020,2,0.35,neutral,64,36,0.35
2020,3,0.46,neutral,68,31,0.46
2020,4,0.41,neutral,66,33,0.41
2020,5,-0.21,neutral,41,58,0.21
2020,6,-0.27,neutral,39,60,0.27
2020,7,-0.14,neutral,44,55,0.14
2020,8,-0.52,la_nina,29,70,0.52
2020,9,-0.64,la_nina,24,75,0.64
2020,10,-1.13,la_nina,5,95,1.13
2020,11,-1.23,la_nina,5,95,1.23
2020,12,-0.99,la_nina,10,89,0.99
2021,1,-0.9,la_nina,14,86,0.9
2021,2,-0.87,la_nina,15,84,0.87
2021,3,-0.55,la_nina,28,72,0.55
2021,4,-0.57,la_nina,27,72,0.57
2021,5,-0.32,neutral,37,62,0.32
2021,6,-0.04,neutral,48,51,0.04
2021,7,-0.19,neutral,42,57,0.19
2021,8,-0.28,neutral,38,61,0.28
2021,9,-0.27,neutral,39,60,0.27
2021,10,-0.77,la_nina,19,80,0.77
2021,11,-0.85,la_nina,16,84,0.85
2021,12,-1.05,la_nina,8,92,1.05
2022,1,-0.83,la_nina,16,83,0.83
2022,2,-0.71,la_nina,21,78,0.71
2022,3,-0.89,la_nina,14,85,0.89
2022,4,-0.95,la_nina,12,88,0.95
2022,5,-1.05,la_nina,8,92,1.05
2022,6,-0.68,la_nina,22,77,0.68
2022,7,-0.62,la_nina,25,74,0.62
2022,8,-0.98,la_nina,10,89,0.98
2022,9,-0.93,la_nina,12,87,0.93
2022,10,-0.85,la_nina,16,84,0.85
2022,11,-0.93,la_nina,12,87,0.93
2022,12,-0.84,la_nina,16,83,0.84
2023,1,-0.69,la_nina,22,77,0.69
2023,2,-0.44,neutral,32,67,0.44
2023,3,-0.01,neutral,49,50,0.01
2023,4,0.19,neutral,57,42,0.19
2023,5,0.47,neutral,68,31,0.47
2023,6,0.88,el_nino,85,14,0.88
2023,7,1.07,el_nino,92,7,1.07
2023,8,1.3,el_nino,95,5,1.3
2023,9,1.53,el_nino,95,5,1.53
2023,10,1.59,el_nino,95,5,1.59
2023,11,1.9,el_nino,95,5,1.9
2023,12,1.99,el_nino,95,5,1.99
2024,1,1.78,el_nino,95,5,1.78
2024,2,1.53,el_nino,95,5,1.53
2024,3,1.24,el_nino,95,5,1.24
2024,4,0.81,el_nino,82,17,0.81
2024,5,0.31,neutral,62,37,0.31
2024,6,0.24,neutral,59,40,0.24
2024,7,0.21,neutral,58,41,0.21
2024,8,-0.07,neutral,47,52,0.07
2024,9,-0.15,neutral,44,56,0.15
2024,10,-0.28,neutral,38,61,0.28
2024,11,-0.14,neutral,44,55,0.14
2024,12,-0.62,la_nina,25,74,0.62
2025,1,-0.71,la_nina,21,78,0.71
2025,2,-0.35,neutral,36,64,0.35
2025,3,0.1,neutral,54,46,0.1
2025,4,-0.16,neutral,43,56,0.16
2025,5,-0.04,neutral,48,51,0.04
2025,6,0.04,neutral,51,48,0.04
2025,7,-0.06,neutral,47,52,0.06
2025,8,-0.33,neutral,36,63,0.33
2025,9,-0.44,neutral,32,67,0.44
2025,10,-0.48,neutral,30,69,0.48
2025,11,-0.68,la_nina,22,77,0.68
2025,12,-0.61,la_nina,25,74,0.61
2026,1,-0.54,la_nina,28,71,0.54
2026,2,-0.2,neutral,42,58,0.2
2026,3,0.03,neutral,51,48,0.03
2026,4,0.47,neutral,68,31,0.47
2026,5,0.94,el_nino,87,12,0.94
2026,6,1.55,el_nino,95,5,1.55
