geocodigo,municipio,uf,ano,mes,fire_count,y_pred,period,abs_error,is_dry,is_critical,vol,stratum,band,n_calib_effective,fallback_level,alpha_effective,calibration_window_start,calibration_window_end,interval_low,interval_high,interval_width,covered
2200277,Alegrete do Piauí,PI,2025,1,0.0,0.15656625788784378,2025-01,0.15656625788784378,False,False,low,low_wet,0.9176516179035071,336,stratum,0.02,2021-01,2024-12,0.0,1.074217875791351,1.074217875791351,True
2202091,Caldeirão Grande do Piauí,PI,2025,1,3.0,0.31313251577568757,2025-01,2.6868674842243125,False,False,mid,mid_wet,2.0,336,stratum,0.02,2021-01,2024-12,0.0,2.3131325157756875,2.3131325157756875,False
2202554,Caridade do Piauí,PI,2025,1,0.0,0.07828312894392189,2025-01,0.07828312894392189,False,False,mid,mid_wet,2.0,336,stratum,0.02,2021-01,2024-12,0.0,2.078283128943922,2.078283128943922,True
2203271,Curral Novo do Piauí,PI,2025,1,0.0,0.0,2025-01,0.0,False,False,mid,mid_wet,2.0,336,stratum,0.02,2021-01,2024-12,0.0,2.0,2.0,True
2204154,Francisco Macedo,PI,2025,1,0.0,0.0,2025-01,0.0,False,False,low,low_wet,0.9176516179035071,336,stratum,0.02,2021-01,2024-12,0.0,0.9176516179035071,0.9176516179035071,True
2204303,Fronteiras,PI,2025,1,0.0,0.6262650315513751,2025-01,0.6262650315513751,False,False,mid,mid_wet,2.0,336,stratum,0.02,2021-01,2024-12,0.0,2.626265031551375,2.626265031551375,True
2205953,Marcolândia,PI,2025,1,0.0,0.31313251577568757,2025-01,0.31313251577568757,False,False,low,low_wet,0.9176516179035071,336,stratum,0.02,2021-01,2024-12,0.0,1.2307841336791947,1.2307841336791947,True
2207207,Padre Marcos,PI,2025,1,0.0,0.46969877366353135,2025-01,0.46969877366353135,False,False,low,low_wet,0.9176516179035071,336,stratum,0.02,2021-01,2024-12,0.0,1.3873503915670384,1.3873503915670384,True
2210300,São Julião,PI,2025,1,1.0,0.07828312894392189,2025-01,0.9217168710560781,False,False,low,low_wet,0.9176516179035071,336,stratum,0.02,2021-01,2024-12,0.0,0.995934746847429,0.995934746847429,False
2210706,Simões,PI,2025,1,1.0,0.39141564471960943,2025-01,0.6085843552803906,False,False,high,high_wet,4.487104664635455,336,stratum,0.02,2021-01,2024-12,0.0,4.878520309355064,4.878520309355064,True
2300101,Abaiara,CE,2025,1,0.0,0.07828312894392189,2025-01,0.07828312894392189,False,False,mid,mid_wet,2.0,336,stratum,0.02,2021-01,2024-12,0.0,2.078283128943922,2.078283128943922,True
2300606,Altaneira,CE,2025,1,2.0,0.0,2025-01,2.0,False,False,low,low_wet,0.9176516179035071,336,stratum,0.02,2021-01,2024-12,0.0,0.9176516179035071,0.9176516179035071,False
2301307,Araripe,CE,2025,1,7.0,2.5833432551494226,2025-01,4.416656744850577,False,False,high,high_wet,4.487104664635455,336,stratum,0.02,2021-01,2024-12,0.0,7.070447919784877,7.070447919784877,True
2301604,Assaré,CE,2025,1,1.0,2.974758899869032,2025-01,1.9747588998690322,False,False,high,high_wet,4.487104664635455,336,stratum,0.02,2021-01,2024-12,0.0,7.461863564504487,7.461863564504487,True
2301901,Barbalha,CE,2025,1,0.0,0.704548160495297,2025-01,0.704548160495297,False,False,mid,mid_wet,2.0,336,stratum,0.02,2021-01,2024-12,0.0,2.704548160495297,2.704548160495297,True
2302503,Brejo Santo,CE,2025,1,1.0,0.6262650315513751,2025-01,0.37373496844862486,False,False,mid,mid_wet,2.0,336,stratum,0.02,2021-01,2024-12,0.0,2.626265031551375,2.626265031551375,True
2302701,Campos Sales,CE,2025,1,3.0,0.704548160495297,2025-01,2.295451839504703,False,False,mid,mid_wet,2.0,336,stratum,0.02,2021-01,2024-12,0.0,2.704548160495297,2.704548160495297,False
2304202,Crato,CE,2025,1,0.0,1.409096320990594,2025-01,1.409096320990594,False,False,high,high_wet,4.487104664635455,336,stratum,0.02,2021-01,2024-12,0.0,5.896200985626049,5.896200985626049,True
2304301,Farias Brito,CE,2025,1,1.0,0.861114418383141,2025-01,0.13888558161685904,False,False,mid,mid_wet,2.0,336,stratum,0.02,2021-01,2024-12,0.0,2.861114418383141,2.861114418383141,True
2307106,Jardim,CE,2025,1,1.0,0.7828312894392189,2025-01,0.21716871056078113,False,False,mid,mid_wet,2.0,336,stratum,0.02,2021-01,2024-12,0.0,2.782831289439219,2.782831289439219,True
2307205,Jati,CE,2025,1,1.0,0.5479819026074533,2025-01,0.4520180973925467,False,False,low,low_wet,0.9176516179035071,336,stratum,0.02,2021-01,2024-12,0.0,1.4656335205109605,1.4656335205109605,True
2308401,Missão Velha,CE,2025,1,0.0,2.1136444814858915,2025-01,2.1136444814858915,False,False,high,high_wet,4.487104664635455,336,stratum,0.02,2021-01,2024-12,0.0,6.6007491461213466,6.6007491461213466,True
2309201,Nova Olinda,CE,2025,1,0.0,0.39141564471960943,2025-01,0.39141564471960943,False,False,low,low_wet,0.9176516179035071,336,stratum,0.02,2021-01,2024-12,0.0,1.3090672626231166,1.3090672626231166,True
2310605,Penaforte,CE,2025,1,0.0,0.15656625788784378,2025-01,0.15656625788784378,False,False,low,low_wet,0.9176516179035071,336,stratum,0.02,2021-01,2024-12,0.0,1.074217875791351,1.074217875791351,True
2311108,Porteiras,CE,2025,1,0.0,0.31313251577568757,2025-01,0.31313251577568757,False,False,low,low_wet,0.9176516179035071,336,stratum,0.02,2021-01,2024-12,0.0,1.2307841336791947,1.2307841336791947,True
2311207,Potengi,CE,2025,1,0.0,1.0959638052149066,2025-01,1.0959638052149066,False,False,low,low_wet,0.9176516179035071,336,stratum,0.02,2021-01,2024-12,0.17831218731139942,2.013615423118414,1.8353032358070145,False
2311959,Salitre,CE,2025,1,1.0,0.861114418383141,2025-01,0.13888558161685904,False,False,high,high_wet,4.487104664635455,336,stratum,0.02,2021-01,2024-12,0.0,5.348219083018596,5.348219083018596,True
2312106,Santana do Cariri,CE,2025,1,0.0,5.636385283962376,2025-01,5.636385283962376,False,False,high,high_wet,4.487104664635455,336,stratum,0.02,2021-01,2024-12,1.1492806193269214,10.12348994859783,8.97420932927091,False
2601102,Araripina,PE,2025,1,1.0,0.6262650315513751,2025-01,0.37373496844862486,False,False,high,high_wet,4.487104664635455,336,stratum,0.02,2021-01,2024-12,0.0,5.11336969618683,5.11336969618683,True
2602001,Bodocó,PE,2025,1,1.0,3.2096082867007976,2025-01,2.2096082867007976,False,False,high,high_wet,4.487104664635455,336,stratum,0.02,2021-01,2024-12,0.0,7.696712951336252,7.696712951336252,True
2604304,Cedro,PE,2025,1,0.0,0.07828312894392189,2025-01,0.07828312894392189,False,False,low,low_wet,0.9176516179035071,336,stratum,0.02,2021-01,2024-12,0.0,0.995934746847429,0.995934746847429,True
2605301,Exu,PE,2025,1,2.0,3.444457673532564,2025-01,1.4444576735325638,False,False,high,high_wet,4.487104664635455,336,stratum,0.02,2021-01,2024-12,0.0,7.9315623381680185,7.9315623381680185,True
2607307,Ipubi,PE,2025,1,2.0,0.704548160495297,2025-01,1.295451839504703,False,False,high,high_wet,4.487104664635455,336,stratum,0.02,2021-01,2024-12,0.0,5.191652825130752,5.191652825130752,True
2614006,Serrita,PE,2025,1,2.0,2.191927610429813,2025-01,0.1919276104298131,False,False,high,high_wet,4.487104664635455,336,stratum,0.02,2021-01,2024-12,0.0,6.679032275065268,6.679032275065268,True
2614303,Moreilândia,PE,2025,1,0.0,0.6262650315513751,2025-01,0.6262650315513751,False,False,mid,mid_wet,2.0,336,stratum,0.02,2021-01,2024-12,0.0,2.626265031551375,2.626265031551375,True
2615607,Trindade,PE,2025,1,1.0,0.23484938683176568,2025-01,0.7651506131682343,False,False,mid,mid_wet,2.0,336,stratum,0.02,2021-01,2024-12,0.0,2.234849386831766,2.234849386831766,True
2200277,Alegrete do Piauí,PI,2025,2,0.0,0.0,2025-02,0.0,False,False,low,low_wet,1.0,336,stratum,0.02,2021-02,2025-01,0.0,1.0,1.0,True
2202091,Caldeirão Grande do Piauí,PI,2025,2,0.0,0.07764159923845787,2025-02,0.07764159923845787,False,False,mid,mid_wet,2.6868674842243125,336,stratum,0.02,2021-02,2025-01,0.0,2.7645090834627704,2.7645090834627704,True
2202554,Caridade do Piauí,PI,2025,2,0.0,0.0,2025-02,0.0,False,False,mid,mid_wet,2.6868674842243125,336,stratum,0.02,2021-02,2025-01,0.0,2.6868674842243125,2.6868674842243125,True
2203271,Curral Novo do Piauí,PI,2025,2,1.0,0.15528319847691574,2025-02,0.8447168015230843,False,False,mid,mid_wet,2.6868674842243125,336,stratum,0.02,2021-02,2025-01,0.0,2.842150682701228,2.842150682701228,True
2204154,Francisco Macedo,PI,2025,2,0.0,0.0,2025-02,0.0,False,False,low,low_wet,1.0,336,stratum,0.02,2021-02,2025-01,0.0,1.0,1.0,True
2204303,Fronteiras,PI,2025,2,0.0,0.0,2025-02,0.0,False,False,mid,mid_wet,2.6868674842243125,336,stratum,0.02,2021-02,2025-01,0.0,2.6868674842243125,2.6868674842243125,True
2205953,Marcolândia,PI,2025,2,0.0,0.0,2025-02,0.0,False,False,low,low_wet,1.0,336,stratum,0.02,2021-02,2025-01,0.0,1.0,1.0,True
2207207,Padre Marcos,PI,2025,2,0.0,0.07764159923845787,2025-02,0.07764159923845787,False,False,low,low_wet,1.0,336,stratum,0.02,2021-02,2025-01,0.0,1.0776415992384578,1.0776415992384578,True
2210300,São Julião,PI,2025,2,0.0,0.0,2025-02,0.0,False,False,low,low_wet,1.0,336,stratum,0.02,2021-02,2025-01,0.0,1.0,1.0,True
2210706,Simões,PI,2025,2,0.0,0.15528319847691574,2025-02,0.15528319847691574,False,False,high,high_wet,4.57746803116156,336,stratum,0.02,2021-02,2025-01,0.0,4.732751229638476,4.732751229638476,True
2300101,Abaiara,CE,2025,2,0.0,0.0,2025-02,0.0,False,False,mid,mid_wet,2.6868674842243125,336,stratum,0.02,2021-02,2025-01,0.0,2.6868674842243125,2.6868674842243125,True
2300606,Altaneira,CE,2025,2,0.0,0.0,2025-02,0.0,False,False,low,low_wet,1.0,336,stratum,0.02,2021-02,2025-01,0.0,1.0,1.0,True
2301307,Araripe,CE,2025,2,0.0,0.2329247977153736,2025-02,0.2329247977153736,False,False,high,high_wet,4.57746803116156,336,stratum,0.02,2021-02,2025-01,0.0,4.8103928288769335,4.8103928288769335,True
2301604,Assaré,CE,2025,2,0.0,0.5434911946692051,2025-02,0.5434911946692051,False,False,high,high_wet,4.57746803116156,336,stratum,0.02,2021-02,2025-01,0.0,5.120959225830765,5.120959225830765,True
2301901,Barbalha,CE,2025,2,0.0,0.2329247977153736,2025-02,0.2329247977153736,False,False,mid,mid_wet,2.6868674842243125,336,stratum,0.02,2021-02,2025-01,0.0,2.919792281939686,2.919792281939686,True
2302503,Brejo Santo,CE,2025,2,5.0,0.15528319847691574,2025-02,4.844716801523084,False,False,mid,mid_wet,2.6868674842243125,336,stratum,0.02,2021-02,2025-01,0.0,2.842150682701228,2.842150682701228,False
2302701,Campos Sales,CE,2025,2,0.0,0.07764159923845787,2025-02,0.07764159923845787,False,False,mid,mid_wet,2.6868674842243125,336,stratum,0.02,2021-02,2025-01,0.0,2.7645090834627704,2.7645090834627704,True
2304202,Crato,CE,2025,2,2.0,0.5434911946692051,2025-02,1.4565088053307949,False,False,high,high_wet,4.57746803116156,336,stratum,0.02,2021-02,2025-01,0.0,5.120959225830765,5.120959225830765,True
2304301,Farias Brito,CE,2025,2,0.0,0.07764159923845787,2025-02,0.07764159923845787,False,False,mid,mid_wet,2.6868674842243125,336,stratum,0.02,2021-02,2025-01,0.0,2.7645090834627704,2.7645090834627704,True
2307106,Jardim,CE,2025,2,0.0,0.15528319847691574,2025-02,0.15528319847691574,False,False,mid,mid_wet,2.6868674842243125,336,stratum,0.02,2021-02,2025-01,0.0,2.842150682701228,2.842150682701228,True
2307205,Jati,CE,2025,2,1.0,0.2329247977153736,2025-02,0.7670752022846263,False,False,low,low_wet,1.0,336,stratum,0.02,2021-02,2025-01,0.0,1.2329247977153737,1.2329247977153737,True
2308401,Missão Velha,CE,2025,2,0.0,0.38820799619228935,2025-02,0.38820799619228935,False,False,high,high_wet,4.57746803116156,336,stratum,0.02,2021-02,2025-01,0.0,4.965676027353849,4.965676027353849,True
2309201,Nova Olinda,CE,2025,2,0.0,0.0,2025-02,0.0,False,False,low,low_wet,1.0,336,stratum,0.02,2021-02,2025-01,0.0,1.0,1.0,True
2310605,Penaforte,CE,2025,2,0.0,0.15528319847691574,2025-02,0.15528319847691574,False,False,low,low_wet,1.0,336,stratum,0.02,2021-02,2025-01,0.0,1.1552831984769156,1.1552831984769156,True
2311108,Porteiras,CE,2025,2,1.0,0.15528319847691574,2025-02,0.8447168015230843,False,False,low,low_wet,1.0,336,stratum,0.02,2021-02,2025-01,0.0,1.1552831984769156,1.1552831984769156,True
2311207,Potengi,CE,2025,2,0.0,0.4658495954307472,2025-02,0.4658495954307472,False,False,low,low_wet,1.0,336,stratum,0.02,2021-02,2025-01,0.0,1.4658495954307473,1.4658495954307473,True
2311959,Salitre,CE,2025,2,0.0,0.2329247977153736,2025-02,0.2329247977153736,False,False,high,high_wet,4.57746803116156,336,stratum,0.02,2021-02,2025-01,0.0,4.8103928288769335,4.8103928288769335,True
2312106,Santana do Cariri,CE,2025,2,4.0,0.38820799619228935,2025-02,3.6117920038077105,False,False,high,high_wet,4.57746803116156,336,stratum,0.02,2021-02,2025-01,0.0,4.965676027353849,4.965676027353849,True
2601102,Araripina,PE,2025,2,0.0,0.2329247977153736,2025-02,0.2329247977153736,False,False,high,high_wet,4.57746803116156,336,stratum,0.02,2021-02,2025-01,0.0,4.8103928288769335,4.8103928288769335,True
2602001,Bodocó,PE,2025,2,0.0,0.4658495954307472,2025-02,0.4658495954307472,False,False,high,high_wet,4.57746803116156,336,stratum,0.02,2021-02,2025-01,0.0,5.043317626592307,5.043317626592307,True
2604304,Cedro,PE,2025,2,0.0,0.0,2025-02,0.0,False,False,low,low_wet,1.0,336,stratum,0.02,2021-02,2025-01,0.0,1.0,1.0,True
2605301,Exu,PE,2025,2,1.0,0.6987743931461209,2025-02,0.3012256068538791,False,False,high,high_wet,4.57746803116156,336,stratum,0.02,2021-02,2025-01,0.0,5.276242424307681,5.276242424307681,True
2607307,Ipubi,PE,2025,2,1.0,0.15528319847691574,2025-02,0.8447168015230843,False,False,high,high_wet,4.57746803116156,336,stratum,0.02,2021-02,2025-01,0.0,4.732751229638476,4.732751229638476,True
2614006,Serrita,PE,2025,2,1.0,0.15528319847691574,2025-02,0.8447168015230843,False,False,high,high_wet,4.57746803116156,336,stratum,0.02,2021-02,2025-01,0.0,4.732751229638476,4.732751229638476,True
2614303,Moreilândia,PE,2025,2,0.0,0.2329247977153736,2025-02,0.2329247977153736,False,False,mid,mid_wet,2.6868674842243125,336,stratum,0.02,2021-02,2025-01,0.0,2.919792281939686,2.919792281939686,True
2615607,Trindade,PE,2025,2,1.0,0.07764159923845787,2025-02,0.9223584007615422,False,False,mid,mid_wet,2.6868674842243125,336,stratum,0.02,2021-02,2025-01,0.0,2.7645090834627704,2.7645090834627704,True
2200277,Alegrete do Piauí,PI,2025,3,0.0,0.0,2025-03,0.0,False,False,low,low_wet,1.0,336,stratum,0.02,2021-03,2025-02,0.0,1.0,1.0,True
2202091,Caldeirão Grande do Piauí,PI,2025,3,0.0,0.0,2025-03,0.0,False,False,mid,mid_wet,2.890358516391683,336,stratum,0.02,2021-03,2025-02,0.0,2.890358516391683,2.890358516391683,True
2202554,Caridade do Piauí,PI,2025,3,1.0,0.07793660658794281,2025-03,0.9220633934120572,False,False,mid,mid_wet,2.890358516391683,336,stratum,0.02,2021-03,2025-02,0.0,2.968295122979626,2.968295122979626,True
2203271,Curral Novo do Piauí,PI,2025,3,0.0,0.0,2025-03,0.0,False,False,mid,mid_wet,2.890358516391683,336,stratum,0.02,2021-03,2025-02,0.0,2.890358516391683,2.890358516391683,True
2204154,Francisco Macedo,PI,2025,3,0.0,0.0,2025-03,0.0,False,False,low,low_wet,1.0,336,stratum,0.02,2021-03,2025-02,0.0,1.0,1.0,True
2204303,Fronteiras,PI,2025,3,0.0,0.0,2025-03,0.0,False,False,mid,mid_wet,2.890358516391683,336,stratum,0.02,2021-03,2025-02,0.0,2.890358516391683,2.890358516391683,True
2205953,Marcolândia,PI,2025,3,0.0,0.0,2025-03,0.0,False,False,low,low_wet,1.0,336,stratum,0.02,2021-03,2025-02,0.0,1.0,1.0,True
2207207,Padre Marcos,PI,2025,3,0.0,0.0,2025-03,0.0,False,False,low,low_wet,1.0,336,stratum,0.02,2021-03,2025-02,0.0,1.0,1.0,True
2210300,São Julião,PI,2025,3,0.0,0.0,2025-03,0.0,False,False,low,low_wet,1.0,336,stratum,0.02,2021-03,2025-02,0.0,1.0,1.0,True
2210706,Simões,PI,2025,3,0.0,0.0,2025-03,0.0,False,False,high,high_wet,4.57746803116156,336,stratum,0.02,2021-03,2025-02,0.0,4.57746803116156,4.57746803116156,True
2300101,Abaiara,CE,2025,3,0.0,0.07793660658794281,2025-03,0.07793660658794281,False,False,mid,mid_wet,2.890358516391683,336,stratum,0.02,2021-03,2025-02,0.0,2.968295122979626,2.968295122979626,True
2300606,Altaneira,CE,2025,3,0.0,0.0,2025-03,0.0,False,False,low,low_wet,1.0,336,stratum,0.02,2021-03,2025-02,0.0,1.0,1.0,True
2301307,Araripe,CE,2025,3,0.0,0.07793660658794281,2025-03,0.07793660658794281,False,False,high,high_wet,4.57746803116156,336,stratum,0.02,2021-03,2025-02,0.0,4.655404637749503,4.655404637749503,True
2301604,Assaré,CE,2025,3,0.0,0.0,2025-03,0.0,False,False,high,high_wet,4.57746803116156,336,stratum,0.02,2021-03,2025-02,0.0,4.57746803116156,4.57746803116156,True
2301901,Barbalha,CE,2025,3,0.0,0.0,2025-03,0.0,False,False,mid,mid_wet,2.890358516391683,336,stratum,0.02,2021-03,2025-02,0.0,2.890358516391683,2.890358516391683,True
2302503,Brejo Santo,CE,2025,3,0.0,0.0,2025-03,0.0,False,False,mid,mid_wet,2.890358516391683,336,stratum,0.02,2021-03,2025-02,0.0,2.890358516391683,2.890358516391683,True
2302701,Campos Sales,CE,2025,3,0.0,0.0,2025-03,0.0,False,False,mid,mid_wet,2.890358516391683,336,stratum,0.02,2021-03,2025-02,0.0,2.890358516391683,2.890358516391683,True
2304202,Crato,CE,2025,3,0.0,0.23380981976382845,2025-03,0.23380981976382845,False,False,high,high_wet,4.57746803116156,336,stratum,0.02,2021-03,2025-02,0.0,4.811277850925388,4.811277850925388,True
2304301,Farias Brito,CE,2025,3,0.0,0.07793660658794281,2025-03,0.07793660658794281,False,False,mid,mid_wet,2.890358516391683,336,stratum,0.02,2021-03,2025-02,0.0,2.968295122979626,2.968295122979626,True
2307106,Jardim,CE,2025,3,0.0,0.07793660658794281,2025-03,0.07793660658794281,False,False,mid,mid_wet,2.890358516391683,336,stratum,0.02,2021-03,2025-02,0.0,2.968295122979626,2.968295122979626,True
2307205,Jati,CE,2025,3,0.0,0.0,2025-03,0.0,False,False,low,low_wet,1.0,336,stratum,0.02,2021-03,2025-02,0.0,1.0,1.0,True
2308401,Missão Velha,CE,2025,3,2.0,0.4676196395276569,2025-03,1.5323803604723432,False,False,high,high_wet,4.57746803116156,336,stratum,0.02,2021-03,2025-02,0.0,5.045087670689217,5.045087670689217,True
2309201,Nova Olinda,CE,2025,3,0.0,0.0,2025-03,0.0,False,False,low,low_wet,1.0,336,stratum,0.02,2021-03,2025-02,0.0,1.0,1.0,True
2310605,Penaforte,CE,2025,3,0.0,0.0,2025-03,0.0,False,False,low,low_wet,1.0,336,stratum,0.02,2021-03,2025-02,0.0,1.0,1.0,True
2311108,Porteiras,CE,2025,3,2.0,0.0,2025-03,2.0,False,False,low,low_wet,1.0,336,stratum,0.02,2021-03,2025-02,0.0,1.0,1.0,False
2311207,Potengi,CE,2025,3,0.0,0.0,2025-03,0.0,False,False,low,low_wet,1.0,336,stratum,0.02,2021-03,2025-02,0.0,1.0,1.0,True
2311959,Salitre,CE,2025,3,0.0,0.07793660658794281,2025-03,0.07793660658794281,False,False,high,high_wet,4.57746803116156,336,stratum,0.02,2021-03,2025-02,0.0,4.655404637749503,4.655404637749503,True
2312106,Santana do Cariri,CE,2025,3,0.0,0.0,2025-03,0.0,False,False,high,high_wet,4.57746803116156,336,stratum,0.02,2021-03,2025-02,0.0,4.57746803116156,4.57746803116156,True
2601102,Araripina,PE,2025,3,0.0,0.07793660658794281,2025-03,0.07793660658794281,False,False,high,high_wet,4.57746803116156,336,stratum,0.02,2021-03,2025-02,0.0,4.655404637749503,4.655404637749503,True
2602001,Bodocó,PE,2025,3,0.0,0.38968303293971407,2025-03,0.38968303293971407,False,False,high,high_wet,4.57746803116156,336,stratum,0.02,2021-03,2025-02,0.0,4.967151064101274,4.967151064101274,True
2604304,Cedro,PE,2025,3,0.0,0.0,2025-03,0.0,False,False,low,low_wet,1.0,336,stratum,0.02,2021-03,2025-02,0.0,1.0,1.0,True
2605301,Exu,PE,2025,3,0.0,0.23380981976382845,2025-03,0.23380981976382845,False,False,high,high_wet,4.57746803116156,336,stratum,0.02,2021-03,2025-02,0.0,4.811277850925388,4.811277850925388,True
2607307,Ipubi,PE,2025,3,0.0,0.07793660658794281,2025-03,0.07793660658794281,False,False,high,high_wet,4.57746803116156,336,stratum,0.02,2021-03,2025-02,0.0,4.655404637749503,4.655404637749503,True
2614006,Serrita,PE,2025,3,0.0,0.0,2025-03,0.0,False,False,high,high_wet,4.57746803116156,336,stratum,0.02,2021-03,2025-02,0.0,4.57746803116156,4.57746803116156,True
2614303,Moreilândia,PE,2025,3,0.0,0.0,2025-03,0.0,False,False,mid,mid_wet,2.890358516391683,336,stratum,0.02,2021-03,2025-02,0.0,2.890358516391683,2.890358516391683,True
2615607,Trindade,PE,2025,3,0.0,0.0,2025-03,0.0,False,False,mid,mid_wet,2.890358516391683,336,stratum,0.02,2021-03,2025-02,0.0,2.890358516391683,2.890358516391683,True
2200277,Alegrete do Piauí,PI,2025,4,0.0,0.0,2025-04,0.0,False,False,low,low_wet,1.0,336,stratum,0.02,2021-04,2025-03,0.0,1.0,1.0,True
2202091,Caldeirão Grande do Piauí,PI,2025,4,0.0,0.0,2025-04,0.0,False,False,mid,mid_wet,2.890358516391683,336,stratum,0.02,2021-04,2025-03,0.0,2.890358516391683,2.890358516391683,True
2202554,Caridade do Piauí,PI,2025,4,0.0,0.0,2025-04,0.0,False,False,mid,mid_wet,2.890358516391683,336,stratum,0.02,2021-04,2025-03,0.0,2.890358516391683,2.890358516391683,True
2203271,Curral Novo do Piauí,PI,2025,4,0.0,0.0,2025-04,0.0,False,False,mid,mid_wet,2.890358516391683,336,stratum,0.02,2021-04,2025-03,0.0,2.890358516391683,2.890358516391683,True
2204154,Francisco Macedo,PI,2025,4,0.0,0.0,2025-04,0.0,False,False,low,low_wet,1.0,336,stratum,0.02,2021-04,2025-03,0.0,1.0,1.0,True
2204303,Fronteiras,PI,2025,4,0.0,0.0,2025-04,0.0,False,False,mid,mid_wet,2.890358516391683,336,stratum,0.02,2021-04,2025-03,0.0,2.890358516391683,2.890358516391683,True
2205953,Marcolândia,PI,2025,4,0.0,0.0,2025-04,0.0,False,False,low,low_wet,1.0,336,stratum,0.02,2021-04,2025-03,0.0,1.0,1.0,True
2207207,Padre Marcos,PI,2025,4,0.0,0.0,2025-04,0.0,False,False,low,low_wet,1.0,336,stratum,0.02,2021-04,2025-03,0.0,1.0,1.0,True
2210300,São Julião,PI,2025,4,0.0,0.0,2025-04,0.0,False,False,low,low_wet,1.0,336,stratum,0.02,2021-04,2025-03,0.0,1.0,1.0,True
2210706,Simões,PI,2025,4,0.0,0.0,2025-04,0.0,False,False,high,high_wet,4.57746803116156,336,stratum,0.02,2021-04,2025-03,0.0,4.57746803116156,4.57746803116156,True
2300101,Abaiara,CE,2025,4,0.0,0.0,2025-04,0.0,False,False,mid,mid_wet,2.890358516391683,336,stratum,0.02,2021-04,2025-03,0.0,2.890358516391683,2.890358516391683,True
2300606,Altaneira,CE,2025,4,0.0,0.0,2025-04,0.0,False,False,low,low_wet,1.0,336,stratum,0.02,2021-04,2025-03,0.0,1.0,1.0,True
2301307,Araripe,CE,2025,4,2.0,0.0,2025-04,2.0,False,False,high,high_wet,4.57746803116156,336,stratum,0.02,2021-04,2025-03,0.0,4.57746803116156,4.57746803116156,True
2301604,Assaré,CE,2025,4,0.0,0.0,2025-04,0.0,False,False,high,high_wet,4.57746803116156,336,stratum,0.02,2021-04,2025-03,0.0,4.57746803116156,4.57746803116156,True
2301901,Barbalha,CE,2025,4,0.0,0.0,2025-04,0.0,False,False,mid,mid_wet,2.890358516391683,336,stratum,0.02,2021-04,2025-03,0.0,2.890358516391683,2.890358516391683,True
2302503,Brejo Santo,CE,2025,4,0.0,0.0,2025-04,0.0,False,False,mid,mid_wet,2.890358516391683,336,stratum,0.02,2021-04,2025-03,0.0,2.890358516391683,2.890358516391683,True
2302701,Campos Sales,CE,2025,4,0.0,0.0,2025-04,0.0,False,False,mid,mid_wet,2.890358516391683,336,stratum,0.02,2021-04,2025-03,0.0,2.890358516391683,2.890358516391683,True
2304202,Crato,CE,2025,4,0.0,0.0,2025-04,0.0,False,False,high,high_wet,4.57746803116156,336,stratum,0.02,2021-04,2025-03,0.0,4.57746803116156,4.57746803116156,True
2304301,Farias Brito,CE,2025,4,0.0,0.0,2025-04,0.0,False,False,mid,mid_wet,2.890358516391683,336,stratum,0.02,2021-04,2025-03,0.0,2.890358516391683,2.890358516391683,True
2307106,Jardim,CE,2025,4,0.0,0.0,2025-04,0.0,False,False,mid,mid_wet,2.890358516391683,336,stratum,0.02,2021-04,2025-03,0.0,2.890358516391683,2.890358516391683,True
2307205,Jati,CE,2025,4,0.0,0.0,2025-04,0.0,False,False,low,low_wet,1.0,336,stratum,0.02,2021-04,2025-03,0.0,1.0,1.0,True
2308401,Missão Velha,CE,2025,4,0.0,0.31239227340267456,2025-04,0.31239227340267456,False,False,high,high_wet,4.57746803116156,336,stratum,0.02,2021-04,2025-03,0.0,4.889860304564235,4.889860304564235,True
2309201,Nova Olinda,CE,2025,4,0.0,0.0,2025-04,0.0,False,False,low,low_wet,1.0,336,stratum,0.02,2021-04,2025-03,0.0,1.0,1.0,True
2310605,Penaforte,CE,2025,4,1.0,0.0,2025-04,1.0,False,False,low,low_wet,1.0,336,stratum,0.02,2021-04,2025-03,0.0,1.0,1.0,True
2311108,Porteiras,CE,2025,4,0.0,0.0,2025-04,0.0,False,False,low,low_wet,1.0,336,stratum,0.02,2021-04,2025-03,0.0,1.0,1.0,True
2311207,Potengi,CE,2025,4,0.0,0.0,2025-04,0.0,False,False,low,low_wet,1.0,336,stratum,0.02,2021-04,2025-03,0.0,1.0,1.0,True
2311959,Salitre,CE,2025,4,0.0,0.07809806835066864,2025-04,0.07809806835066864,False,False,high,high_wet,4.57746803116156,336,stratum,0.02,2021-04,2025-03,0.0,4.655566099512229,4.655566099512229,True
2312106,Santana do Cariri,CE,2025,4,0.0,0.0,2025-04,0.0,False,False,high,high_wet,4.57746803116156,336,stratum,0.02,2021-04,2025-03,0.0,4.57746803116156,4.57746803116156,True
2601102,Araripina,PE,2025,4,1.0,0.07809806835066864,2025-04,0.9219019316493313,False,False,high,high_wet,4.57746803116156,336,stratum,0.02,2021-04,2025-03,0.0,4.655566099512229,4.655566099512229,True
2602001,Bodocó,PE,2025,4,3.0,0.15619613670133728,2025-04,2.8438038632986626,False,False,high,high_wet,4.57746803116156,336,stratum,0.02,2021-04,2025-03,0.0,4.733664167862897,4.733664167862897,True
2604304,Cedro,PE,2025,4,0.0,0.0,2025-04,0.0,False,False,low,low_wet,1.0,336,stratum,0.02,2021-04,2025-03,0.0,1.0,1.0,True
2605301,Exu,PE,2025,4,0.0,0.31239227340267456,2025-04,0.31239227340267456,False,False,high,high_wet,4.57746803116156,336,stratum,0.02,2021-04,2025-03,0.0,4.889860304564235,4.889860304564235,True
2607307,Ipubi,PE,2025,4,1.0,0.07809806835066864,2025-04,0.9219019316493313,False,False,high,high_wet,4.57746803116156,336,stratum,0.02,2021-04,2025-03,0.0,4.655566099512229,4.655566099512229,True
2614006,Serrita,PE,2025,4,0.0,0.07809806835066864,2025-04,0.07809806835066864,False,False,high,high_wet,4.57746803116156,336,stratum,0.02,2021-04,2025-03,0.0,4.655566099512229,4.655566099512229,True
2614303,Moreilândia,PE,2025,4,0.0,0.0,2025-04,0.0,False,False,mid,mid_wet,2.890358516391683,336,stratum,0.02,2021-04,2025-03,0.0,2.890358516391683,2.890358516391683,True
2615607,Trindade,PE,2025,4,1.0,0.0,2025-04,1.0,False,False,mid,mid_wet,2.890358516391683,336,stratum,0.02,2021-04,2025-03,0.0,2.890358516391683,2.890358516391683,True
2200277,Alegrete do Piauí,PI,2025,5,0.0,0.0,2025-05,0.0,False,False,low,low_wet,1.0,336,stratum,0.02,2021-05,2025-04,0.0,1.0,1.0,True
2202091,Caldeirão Grande do Piauí,PI,2025,5,0.0,0.0,2025-05,0.0,False,False,mid,mid_wet,2.890358516391683,336,stratum,0.02,2021-05,2025-04,0.0,2.890358516391683,2.890358516391683,True
2202554,Caridade do Piauí,PI,2025,5,0.0,0.0,2025-05,0.0,False,False,mid,mid_wet,2.890358516391683,336,stratum,0.02,2021-05,2025-04,0.0,2.890358516391683,2.890358516391683,True
2203271,Curral Novo do Piauí,PI,2025,5,0.0,0.31390805373658265,2025-05,0.31390805373658265,False,False,mid,mid_wet,2.890358516391683,336,stratum,0.02,2021-05,2025-04,0.0,3.204266570128266,3.204266570128266,True
2204154,Francisco Macedo,PI,2025,5,0.0,0.0,2025-05,0.0,False,False,low,low_wet,1.0,336,stratum,0.02,2021-05,2025-04,0.0,1.0,1.0,True
2204303,Fronteiras,PI,2025,5,0.0,0.0,2025-05,0.0,False,False,mid,mid_wet,2.890358516391683,336,stratum,0.02,2021-05,2025-04,0.0,2.890358516391683,2.890358516391683,True
2205953,Marcolândia,PI,2025,5,0.0,0.0,2025-05,0.0,False,False,low,low_wet,1.0,336,stratum,0.02,2021-05,2025-04,0.0,1.0,1.0,True
2207207,Padre Marcos,PI,2025,5,0.0,0.0,2025-05,0.0,False,False,low,low_wet,1.0,336,stratum,0.02,2021-05,2025-04,0.0,1.0,1.0,True
2210300,São Julião,PI,2025,5,0.0,0.0,2025-05,0.0,False,False,low,low_wet,1.0,336,stratum,0.02,2021-05,2025-04,0.0,1.0,1.0,True
2210706,Simões,PI,2025,5,0.0,0.0,2025-05,0.0,False,False,high,high_wet,4.57746803116156,336,stratum,0.02,2021-05,2025-04,0.0,4.57746803116156,4.57746803116156,True
2300101,Abaiara,CE,2025,5,0.0,0.07847701343414566,2025-05,0.07847701343414566,False,False,mid,mid_wet,2.890358516391683,336,stratum,0.02,2021-05,2025-04,0.0,2.968835529825829,2.968835529825829,True
2300606,Altaneira,CE,2025,5,0.0,0.0,2025-05,0.0,False,False,low,low_wet,1.0,336,stratum,0.02,2021-05,2025-04,0.0,1.0,1.0,True
2301307,Araripe,CE,2025,5,0.0,0.7847701343414567,2025-05,0.7847701343414567,False,False,high,high_wet,4.57746803116156,336,stratum,0.02,2021-05,2025-04,0.0,5.362238165503017,5.362238165503017,True
2301604,Assaré,CE,2025,5,0.0,0.0,2025-05,0.0,False,False,high,high_wet,4.57746803116156,336,stratum,0.02,2021-05,2025-04,0.0,4.57746803116156,4.57746803116156,True
2301901,Barbalha,CE,2025,5,0.0,0.0,2025-05,0.0,False,False,mid,mid_wet,2.890358516391683,336,stratum,0.02,2021-05,2025-04,0.0,2.890358516391683,2.890358516391683,True
2302503,Brejo Santo,CE,2025,5,0.0,0.15695402686829132,2025-05,0.15695402686829132,False,False,mid,mid_wet,2.890358516391683,336,stratum,0.02,2021-05,2025-04,0.0,3.0473125432599746,3.0473125432599746,True
2302701,Campos Sales,CE,2025,5,0.0,0.0,2025-05,0.0,False,False,mid,mid_wet,2.890358516391683,336,stratum,0.02,2021-05,2025-04,0.0,2.890358516391683,2.890358516391683,True
2304202,Crato,CE,2025,5,2.0,0.07847701343414566,2025-05,1.9215229865658543,False,False,high,high_wet,4.57746803116156,336,stratum,0.02,2021-05,2025-04,0.0,4.655945044595706,4.655945044595706,True
2304301,Farias Brito,CE,2025,5,0.0,0.0,2025-05,0.0,False,False,mid,mid_wet,2.890358516391683,336,stratum,0.02,2021-05,2025-04,0.0,2.890358516391683,2.890358516391683,True
2307106,Jardim,CE,2025,5,0.0,0.235431040302437,2025-05,0.235431040302437,False,False,mid,mid_wet,2.890358516391683,336,stratum,0.02,2021-05,2025-04,0.0,3.1257895566941203,3.1257895566941203,True
2307205,Jati,CE,2025,5,2.0,0.0,2025-05,2.0,False,False,low,low_wet,1.0,336,stratum,0.02,2021-05,2025-04,0.0,1.0,1.0,False
2308401,Missão Velha,CE,2025,5,0.0,0.31390805373658265,2025-05,0.31390805373658265,False,False,high,high_wet,4.57746803116156,336,stratum,0.02,2021-05,2025-04,0.0,4.891376084898143,4.891376084898143,True
2309201,Nova Olinda,CE,2025,5,0.0,0.235431040302437,2025-05,0.235431040302437,False,False,low,low_wet,1.0,336,stratum,0.02,2021-05,2025-04,0.0,1.2354310403024371,1.2354310403024371,True
2310605,Penaforte,CE,2025,5,0.0,0.0,2025-05,0.0,False,False,low,low_wet,1.0,336,stratum,0.02,2021-05,2025-04,0.0,1.0,1.0,True
2311108,Porteiras,CE,2025,5,0.0,0.07847701343414566,2025-05,0.07847701343414566,False,False,low,low_wet,1.0,336,stratum,0.02,2021-05,2025-04,0.0,1.0784770134341457,1.0784770134341457,True
2311207,Potengi,CE,2025,5,0.0,0.07847701343414566,2025-05,0.07847701343414566,False,False,low,low_wet,1.0,336,stratum,0.02,2021-05,2025-04,0.0,1.0784770134341457,1.0784770134341457,True
2311959,Salitre,CE,2025,5,0.0,0.07847701343414566,2025-05,0.07847701343414566,False,False,high,high_wet,4.57746803116156,336,stratum,0.02,2021-05,2025-04,0.0,4.655945044595706,4.655945044595706,True
2312106,Santana do Cariri,CE,2025,5,0.0,0.15695402686829132,2025-05,0.15695402686829132,False,False,high,high_wet,4.57746803116156,336,stratum,0.02,2021-05,2025-04,0.0,4.7344220580298515,4.7344220580298515,True
2601102,Araripina,PE,2025,5,0.0,0.15695402686829132,2025-05,0.15695402686829132,False,False,high,high_wet,4.57746803116156,336,stratum,0.02,2021-05,2025-04,0.0,4.7344220580298515,4.7344220580298515,True
2602001,Bodocó,PE,2025,5,1.0,0.7847701343414567,2025-05,0.2152298656585433,False,False,high,high_wet,4.57746803116156,336,stratum,0.02,2021-05,2025-04,0.0,5.362238165503017,5.362238165503017,True
2604304,Cedro,PE,2025,5,0.0,0.0,2025-05,0.0,False,False,low,low_wet,1.0,336,stratum,0.02,2021-05,2025-04,0.0,1.0,1.0,True
2605301,Exu,PE,2025,5,0.0,0.235431040302437,2025-05,0.235431040302437,False,False,high,high_wet,4.57746803116156,336,stratum,0.02,2021-05,2025-04,0.0,4.812899071463997,4.812899071463997,True
2607307,Ipubi,PE,2025,5,1.0,0.07847701343414566,2025-05,0.9215229865658543,False,False,high,high_wet,4.57746803116156,336,stratum,0.02,2021-05,2025-04,0.0,4.655945044595706,4.655945044595706,True
2614006,Serrita,PE,2025,5,0.0,0.0,2025-05,0.0,False,False,high,high_wet,4.57746803116156,336,stratum,0.02,2021-05,2025-04,0.0,4.57746803116156,4.57746803116156,True
2614303,Moreilândia,PE,2025,5,0.0,0.0,2025-05,0.0,False,False,mid,mid_wet,2.890358516391683,336,stratum,0.02,2021-05,2025-04,0.0,2.890358516391683,2.890358516391683,True
2615607,Trindade,PE,2025,5,0.0,0.0,2025-05,0.0,False,False,mid,mid_wet,2.890358516391683,336,stratum,0.02,2021-05,2025-04,0.0,2.890358516391683,2.890358516391683,True
2200277,Alegrete do Piauí,PI,2025,6,0.0,0.0,2025-06,0.0,False,False,low,low_wet,1.0,336,stratum,0.02,2021-06,2025-05,0.0,1.0,1.0,True
2202091,Caldeirão Grande do Piauí,PI,2025,6,0.0,0.23360025053860395,2025-06,0.23360025053860395,False,False,mid,mid_wet,2.890358516391683,336,stratum,0.02,2021-06,2025-05,0.0,3.1239587669302873,3.1239587669302873,True
2202554,Caridade do Piauí,PI,2025,6,0.0,0.0,2025-06,0.0,False,False,mid,mid_wet,2.890358516391683,336,stratum,0.02,2021-06,2025-05,0.0,2.890358516391683,2.890358516391683,True
2203271,Curral Novo do Piauí,PI,2025,6,0.0,0.0,2025-06,0.0,False,False,mid,mid_wet,2.890358516391683,336,stratum,0.02,2021-06,2025-05,0.0,2.890358516391683,2.890358516391683,True
2204154,Francisco Macedo,PI,2025,6,0.0,0.0,2025-06,0.0,False,False,low,low_wet,1.0,336,stratum,0.02,2021-06,2025-05,0.0,1.0,1.0,True
2204303,Fronteiras,PI,2025,6,0.0,0.0,2025-06,0.0,False,False,mid,mid_wet,2.890358516391683,336,stratum,0.02,2021-06,2025-05,0.0,2.890358516391683,2.890358516391683,True
2205953,Marcolândia,PI,2025,6,0.0,0.0,2025-06,0.0,False,False,low,low_wet,1.0,336,stratum,0.02,2021-06,2025-05,0.0,1.0,1.0,True
2207207,Padre Marcos,PI,2025,6,0.0,0.0,2025-06,0.0,False,False,low,low_wet,1.0,336,stratum,0.02,2021-06,2025-05,0.0,1.0,1.0,True
2210300,São Julião,PI,2025,6,0.0,0.0,2025-06,0.0,False,False,low,low_wet,1.0,336,stratum,0.02,2021-06,2025-05,0.0,1.0,1.0,True
2210706,Simões,PI,2025,6,1.0,0.07786675017953465,2025-06,0.9221332498204653,False,False,high,high_wet,4.487104664635455,336,stratum,0.02,2021-06,2025-05,0.0,4.564971414814989,4.564971414814989,True
2300101,Abaiara,CE,2025,6,0.0,0.23360025053860395,2025-06,0.23360025053860395,False,False,mid,mid_wet,2.890358516391683,336,stratum,0.02,2021-06,2025-05,0.0,3.1239587669302873,3.1239587669302873,True
2300606,Altaneira,CE,2025,6,0.0,0.0,2025-06,0.0,False,False,low,low_wet,1.0,336,stratum,0.02,2021-06,2025-05,0.0,1.0,1.0,True
2301307,Araripe,CE,2025,6,4.0,0.5450672512567425,2025-06,3.4549327487432575,False,False,high,high_wet,4.487104664635455,336,stratum,0.02,2021-06,2025-05,0.0,5.032171915892198,5.032171915892198,True
2301604,Assaré,CE,2025,6,0.0,0.0,2025-06,0.0,False,False,high,high_wet,4.487104664635455,336,stratum,0.02,2021-06,2025-05,0.0,4.487104664635455,4.487104664635455,True
2301901,Barbalha,CE,2025,6,0.0,0.23360025053860395,2025-06,0.23360025053860395,False,False,mid,mid_wet,2.890358516391683,336,stratum,0.02,2021-06,2025-05,0.0,3.1239587669302873,3.1239587669302873,True
2302503,Brejo Santo,CE,2025,6,0.0,0.5450672512567425,2025-06,0.5450672512567425,False,False,mid,mid_wet,2.890358516391683,336,stratum,0.02,2021-06,2025-05,0.0,3.4354257676484257,3.4354257676484257,True
2302701,Campos Sales,CE,2025,6,0.0,0.0,2025-06,0.0,False,False,mid,mid_wet,2.890358516391683,336,stratum,0.02,2021-06,2025-05,0.0,2.890358516391683,2.890358516391683,True
2304202,Crato,CE,2025,6,0.0,0.07786675017953465,2025-06,0.07786675017953465,False,False,high,high_wet,4.487104664635455,336,stratum,0.02,2021-06,2025-05,0.0,4.564971414814989,4.564971414814989,True
2304301,Farias Brito,CE,2025,6,0.0,0.0,2025-06,0.0,False,False,mid,mid_wet,2.890358516391683,336,stratum,0.02,2021-06,2025-05,0.0,2.890358516391683,2.890358516391683,True
2307106,Jardim,CE,2025,6,0.0,0.07786675017953465,2025-06,0.07786675017953465,False,False,mid,mid_wet,2.890358516391683,336,stratum,0.02,2021-06,2025-05,0.0,2.968225266571218,2.968225266571218,True
2307205,Jati,CE,2025,6,0.0,0.0,2025-06,0.0,False,False,low,low_wet,1.0,336,stratum,0.02,2021-06,2025-05,0.0,1.0,1.0,True
2308401,Missão Velha,CE,2025,6,0.0,0.23360025053860395,2025-06,0.23360025053860395,False,False,high,high_wet,4.487104664635455,336,stratum,0.02,2021-06,2025-05,0.0,4.720704915174059,4.720704915174059,True
2309201,Nova Olinda,CE,2025,6,0.0,0.0,2025-06,0.0,False,False,low,low_wet,1.0,336,stratum,0.02,2021-06,2025-05,0.0,1.0,1.0,True
2310605,Penaforte,CE,2025,6,0.0,0.0,2025-06,0.0,False,False,low,low_wet,1.0,336,stratum,0.02,2021-06,2025-05,0.0,1.0,1.0,True
2311108,Porteiras,CE,2025,6,0.0,0.07786675017953465,2025-06,0.07786675017953465,False,False,low,low_wet,1.0,336,stratum,0.02,2021-06,2025-05,0.0,1.0778667501795347,1.0778667501795347,True
2311207,Potengi,CE,2025,6,0.0,0.0,2025-06,0.0,False,False,low,low_wet,1.0,336,stratum,0.02,2021-06,2025-05,0.0,1.0,1.0,True
2311959,Salitre,CE,2025,6,2.0,0.1557335003590693,2025-06,1.8442664996409306,False,False,high,high_wet,4.487104664635455,336,stratum,0.02,2021-06,2025-05,0.0,4.642838164994524,4.642838164994524,True
2312106,Santana do Cariri,CE,2025,6,2.0,0.38933375089767325,2025-06,1.6106662491023267,False,False,high,high_wet,4.487104664635455,336,stratum,0.02,2021-06,2025-05,0.0,4.876438415533128,4.876438415533128,True
2601102,Araripina,PE,2025,6,1.0,0.7786675017953465,2025-06,0.2213324982046535,False,False,high,high_wet,4.487104664635455,336,stratum,0.02,2021-06,2025-05,0.0,5.265772166430801,5.265772166430801,True
2602001,Bodocó,PE,2025,6,0.0,0.23360025053860395,2025-06,0.23360025053860395,False,False,high,high_wet,4.487104664635455,336,stratum,0.02,2021-06,2025-05,0.0,4.720704915174059,4.720704915174059,True
2604304,Cedro,PE,2025,6,0.0,0.3114670007181386,2025-06,0.3114670007181386,False,False,low,low_wet,1.0,336,stratum,0.02,2021-06,2025-05,0.0,1.3114670007181386,1.3114670007181386,True
2605301,Exu,PE,2025,6,0.0,0.1557335003590693,2025-06,0.1557335003590693,False,False,high,high_wet,4.487104664635455,336,stratum,0.02,2021-06,2025-05,0.0,4.642838164994524,4.642838164994524,True
2607307,Ipubi,PE,2025,6,0.0,0.3114670007181386,2025-06,0.3114670007181386,False,False,high,high_wet,4.487104664635455,336,stratum,0.02,2021-06,2025-05,0.0,4.7985716653535935,4.7985716653535935,True
2614006,Serrita,PE,2025,6,0.0,0.0,2025-06,0.0,False,False,high,high_wet,4.487104664635455,336,stratum,0.02,2021-06,2025-05,0.0,4.487104664635455,4.487104664635455,True
2614303,Moreilândia,PE,2025,6,0.0,0.1557335003590693,2025-06,0.1557335003590693,False,False,mid,mid_wet,2.890358516391683,336,stratum,0.02,2021-06,2025-05,0.0,3.0460920167507526,3.0460920167507526,True
2615607,Trindade,PE,2025,6,0.0,0.0,2025-06,0.0,False,False,mid,mid_wet,2.890358516391683,336,stratum,0.02,2021-06,2025-05,0.0,2.890358516391683,2.890358516391683,True
2200277,Alegrete do Piauí,PI,2025,7,0.0,0.0,2025-07,0.0,False,False,low,low_wet,1.0,336,stratum,0.02,2021-07,2025-06,0.0,1.0,1.0,True
2202091,Caldeirão Grande do Piauí,PI,2025,7,0.0,0.0777762785049251,2025-07,0.0777762785049251,False,False,mid,mid_wet,2.295451839504703,336,stratum,0.02,2021-07,2025-06,0.0,2.373228118009628,2.373228118009628,True
2202554,Caridade do Piauí,PI,2025,7,0.0,0.0,2025-07,0.0,False,False,mid,mid_wet,2.295451839504703,336,stratum,0.02,2021-07,2025-06,0.0,2.295451839504703,2.295451839504703,True
2203271,Curral Novo do Piauí,PI,2025,7,0.0,0.1555525570098502,2025-07,0.1555525570098502,False,False,mid,mid_wet,2.295451839504703,336,stratum,0.02,2021-07,2025-06,0.0,2.4510043965145534,2.4510043965145534,True
2204154,Francisco Macedo,PI,2025,7,0.0,0.0777762785049251,2025-07,0.0777762785049251,False,False,low,low_wet,1.0,336,stratum,0.02,2021-07,2025-06,0.0,1.0777762785049252,1.0777762785049252,True
2204303,Fronteiras,PI,2025,7,0.0,0.3888813925246255,2025-07,0.3888813925246255,False,False,mid,mid_wet,2.295451839504703,336,stratum,0.02,2021-07,2025-06,0.0,2.6843332320293287,2.6843332320293287,True
2205953,Marcolândia,PI,2025,7,0.0,0.0,2025-07,0.0,False,False,low,low_wet,1.0,336,stratum,0.02,2021-07,2025-06,0.0,1.0,1.0,True
2207207,Padre Marcos,PI,2025,7,0.0,0.0,2025-07,0.0,False,False,low,low_wet,1.0,336,stratum,0.02,2021-07,2025-06,0.0,1.0,1.0,True
2210300,São Julião,PI,2025,7,0.0,0.0777762785049251,2025-07,0.0777762785049251,False,False,low,low_wet,1.0,336,stratum,0.02,2021-07,2025-06,0.0,1.0777762785049252,1.0777762785049252,True
2210706,Simões,PI,2025,7,0.0,0.1555525570098502,2025-07,0.1555525570098502,False,False,high,high_wet,4.487104664635455,336,stratum,0.02,2021-07,2025-06,0.0,4.642657221645305,4.642657221645305,True
2300101,Abaiara,CE,2025,7,0.0,0.2333288355147753,2025-07,0.2333288355147753,False,False,mid,mid_wet,2.295451839504703,336,stratum,0.02,2021-07,2025-06,0.0,2.5287806750194783,2.5287806750194783,True
2300606,Altaneira,CE,2025,7,0.0,0.0,2025-07,0.0,False,False,low,low_wet,1.0,336,stratum,0.02,2021-07,2025-06,0.0,1.0,1.0,True
2301307,Araripe,CE,2025,7,5.0,0.6222102280394008,2025-07,4.377789771960599,False,False,high,high_wet,4.487104664635455,336,stratum,0.02,2021-07,2025-06,0.0,5.109314892674855,5.109314892674855,True
2301604,Assaré,CE,2025,7,0.0,0.0777762785049251,2025-07,0.0777762785049251,False,False,high,high_wet,4.487104664635455,336,stratum,0.02,2021-07,2025-06,0.0,4.56488094314038,4.56488094314038,True
2301901,Barbalha,CE,2025,7,0.0,0.5444339495344757,2025-07,0.5444339495344757,False,False,mid,mid_wet,2.295451839504703,336,stratum,0.02,2021-07,2025-06,0.0,2.8398857890391787,2.8398857890391787,True
2302503,Brejo Santo,CE,2025,7,1.0,0.4666576710295506,2025-07,0.5333423289704494,False,False,mid,mid_wet,2.295451839504703,336,stratum,0.02,2021-07,2025-06,0.0,2.7621095105342537,2.7621095105342537,True
2302701,Campos Sales,CE,2025,7,3.0,0.4666576710295506,2025-07,2.5333423289704493,False,False,mid,mid_wet,2.295451839504703,336,stratum,0.02,2021-07,2025-06,0.0,2.7621095105342537,2.7621095105342537,False
2304202,Crato,CE,2025,7,1.0,0.0,2025-07,1.0,False,False,high,high_wet,4.487104664635455,336,stratum,0.02,2021-07,2025-06,0.0,4.487104664635455,4.487104664635455,True
2304301,Farias Brito,CE,2025,7,0.0,0.3111051140197004,2025-07,0.3111051140197004,False,False,mid,mid_wet,2.295451839504703,336,stratum,0.02,2021-07,2025-06,0.0,2.6065569535244033,2.6065569535244033,True
2307106,Jardim,CE,2025,7,0.0,0.0777762785049251,2025-07,0.0777762785049251,False,False,mid,mid_wet,2.295451839504703,336,stratum,0.02,2021-07,2025-06,0.0,2.373228118009628,2.373228118009628,True
2307205,Jati,CE,2025,7,0.0,0.0,2025-07,0.0,False,False,low,low_wet,1.0,336,stratum,0.02,2021-07,2025-06,0.0,1.0,1.0,True
2308401,Missão Velha,CE,2025,7,0.0,0.2333288355147753,2025-07,0.2333288355147753,False,False,high,high_wet,4.487104664635455,336,stratum,0.02,2021-07,2025-06,0.0,4.7204335001502296,4.7204335001502296,True
2309201,Nova Olinda,CE,2025,7,0.0,0.6222102280394008,2025-07,0.6222102280394008,False,False,low,low_wet,1.0,336,stratum,0.02,2021-07,2025-06,0.0,1.6222102280394008,1.6222102280394008,True
2310605,Penaforte,CE,2025,7,0.0,0.0777762785049251,2025-07,0.0777762785049251,False,False,low,low_wet,1.0,336,stratum,0.02,2021-07,2025-06,0.0,1.0777762785049252,1.0777762785049252,True
2311108,Porteiras,CE,2025,7,1.0,0.2333288355147753,2025-07,0.7666711644852247,False,False,low,low_wet,1.0,336,stratum,0.02,2021-07,2025-06,0.0,1.2333288355147753,1.2333288355147753,True
2311207,Potengi,CE,2025,7,0.0,0.2333288355147753,2025-07,0.2333288355147753,False,False,low,low_wet,1.0,336,stratum,0.02,2021-07,2025-06,0.0,1.2333288355147753,1.2333288355147753,True
2311959,Salitre,CE,2025,7,0.0,0.6222102280394008,2025-07,0.6222102280394008,False,False,high,high_wet,4.487104664635455,336,stratum,0.02,2021-07,2025-06,0.0,5.109314892674855,5.109314892674855,True
2312106,Santana do Cariri,CE,2025,7,7.0,1.1666441775738765,2025-07,5.833355822426124,False,False,high,high_wet,4.487104664635455,336,stratum,0.02,2021-07,2025-06,0.0,5.653748842209331,5.653748842209331,False
2601102,Araripina,PE,2025,7,5.0,2.0221832411280527,2025-07,2.9778167588719473,False,False,high,high_wet,4.487104664635455,336,stratum,0.02,2021-07,2025-06,0.0,6.509287905763507,6.509287905763507,True
2602001,Bodocó,PE,2025,7,0.0,0.6999865065443259,2025-07,0.6999865065443259,False,False,high,high_wet,4.487104664635455,336,stratum,0.02,2021-07,2025-06,0.0,5.18709117117978,5.18709117117978,True
2604304,Cedro,PE,2025,7,0.0,0.0,2025-07,0.0,False,False,low,low_wet,1.0,336,stratum,0.02,2021-07,2025-06,0.0,1.0,1.0,True
2605301,Exu,PE,2025,7,0.0,0.2333288355147753,2025-07,0.2333288355147753,False,False,high,high_wet,4.487104664635455,336,stratum,0.02,2021-07,2025-06,0.0,4.7204335001502296,4.7204335001502296,True
2607307,Ipubi,PE,2025,7,1.0,0.8555390635541762,2025-07,0.1444609364458238,False,False,high,high_wet,4.487104664635455,336,stratum,0.02,2021-07,2025-06,0.0,5.342643728189631,5.342643728189631,True
2614006,Serrita,PE,2025,7,1.0,0.0,2025-07,1.0,False,False,high,high_wet,4.487104664635455,336,stratum,0.02,2021-07,2025-06,0.0,4.487104664635455,4.487104664635455,True
2614303,Moreilândia,PE,2025,7,0.0,0.1555525570098502,2025-07,0.1555525570098502,False,False,mid,mid_wet,2.295451839504703,336,stratum,0.02,2021-07,2025-06,0.0,2.4510043965145534,2.4510043965145534,True
2615607,Trindade,PE,2025,7,0.0,0.0777762785049251,2025-07,0.0777762785049251,False,False,mid,mid_wet,2.295451839504703,336,stratum,0.02,2021-07,2025-06,0.0,2.373228118009628,2.373228118009628,True
2200277,Alegrete do Piauí,PI,2025,8,0.0,0.07799231130066264,2025-08,0.07799231130066264,True,False,low,low_dry,5.8144398154586625,240,stratum,0.02,2021-08,2025-07,0.0,5.892432126759325,5.892432126759325,True
2202091,Caldeirão Grande do Piauí,PI,2025,8,0.0,0.38996155650331327,2025-08,0.38996155650331327,True,False,mid,mid_dry,12.959080691774853,240,stratum,0.02,2021-08,2025-07,0.0,13.349042248278167,13.349042248278167,True
2202554,Caridade do Piauí,PI,2025,8,0.0,0.07799231130066264,2025-08,0.07799231130066264,True,False,mid,mid_dry,12.959080691774853,240,stratum,0.02,2021-08,2025-07,0.0,13.037073003075516,13.037073003075516,True
2203271,Curral Novo do Piauí,PI,2025,8,0.0,0.23397693390198795,2025-08,0.23397693390198795,True,False,mid,mid_dry,12.959080691774853,240,stratum,0.02,2021-08,2025-07,0.0,13.193057625676841,13.193057625676841,True
2204154,Francisco Macedo,PI,2025,8,0.0,0.0,2025-08,0.0,True,False,low,low_dry,5.8144398154586625,240,stratum,0.02,2021-08,2025-07,0.0,5.8144398154586625,5.8144398154586625,True
2204303,Fronteiras,PI,2025,8,0.0,0.5459461791046385,2025-08,0.5459461791046385,True,False,mid,mid_dry,12.959080691774853,240,stratum,0.02,2021-08,2025-07,0.0,13.50502687087949,13.50502687087949,True
2205953,Marcolândia,PI,2025,8,0.0,0.15598462260132528,2025-08,0.15598462260132528,True,False,low,low_dry,5.8144398154586625,240,stratum,0.02,2021-08,2025-07,0.0,5.970424438059988,5.970424438059988,True
2207207,Padre Marcos,PI,2025,8,0.0,0.23397693390198795,2025-08,0.23397693390198795,True,False,low,low_dry,5.8144398154586625,240,stratum,0.02,2021-08,2025-07,0.0,6.04841674936065,6.04841674936065,True
2210300,São Julião,PI,2025,8,0.0,0.0,2025-08,0.0,True,False,low,low_dry,5.8144398154586625,240,stratum,0.02,2021-08,2025-07,0.0,5.8144398154586625,5.8144398154586625,True
2210706,Simões,PI,2025,8,0.0,0.4679538678039759,2025-08,0.4679538678039759,True,False,high,high_dry,21.717977888893987,240,stratum,0.02,2021-08,2025-07,0.0,22.185931756697965,22.185931756697965,True
2300101,Abaiara,CE,2025,8,0.0,0.5459461791046385,2025-08,0.5459461791046385,True,False,mid,mid_dry,12.959080691774853,240,stratum,0.02,2021-08,2025-07,0.0,13.50502687087949,13.50502687087949,True
2300606,Altaneira,CE,2025,8,0.0,0.0,2025-08,0.0,True,False,low,low_dry,5.8144398154586625,240,stratum,0.02,2021-08,2025-07,0.0,5.8144398154586625,5.8144398154586625,True
2301307,Araripe,CE,2025,8,1.0,1.7158308486145784,2025-08,0.7158308486145784,True,False,high,high_dry,21.717977888893987,240,stratum,0.02,2021-08,2025-07,0.0,23.433808737508567,23.433808737508567,True
2301604,Assaré,CE,2025,8,0.0,1.4818539147125904,2025-08,1.4818539147125904,True,False,high,high_dry,21.717977888893987,240,stratum,0.02,2021-08,2025-07,0.0,23.19983180360658,23.19983180360658,True
2301901,Barbalha,CE,2025,8,1.0,2.261777027719217,2025-08,1.261777027719217,True,False,mid,mid_dry,12.959080691774853,240,stratum,0.02,2021-08,2025-07,0.0,15.22085771949407,15.22085771949407,True
2302503,Brejo Santo,CE,2025,8,0.0,0.31196924520265057,2025-08,0.31196924520265057,True,False,mid,mid_dry,12.959080691774853,240,stratum,0.02,2021-08,2025-07,0.0,13.271049936977503,13.271049936977503,True
2302701,Campos Sales,CE,2025,8,0.0,0.7799231130066265,2025-08,0.7799231130066265,True,False,mid,mid_dry,12.959080691774853,240,stratum,0.02,2021-08,2025-07,0.0,13.739003804781479,13.739003804781479,True
2304202,Crato,CE,2025,8,3.0,2.729730895523193,2025-08,0.2702691044768071,True,False,high,high_dry,21.717977888893987,240,stratum,0.02,2021-08,2025-07,0.0,24.44770878441718,24.44770878441718,True
2304301,Farias Brito,CE,2025,8,0.0,0.23397693390198795,2025-08,0.23397693390198795,True,False,mid,mid_dry,12.959080691774853,240,stratum,0.02,2021-08,2025-07,0.0,13.193057625676841,13.193057625676841,True
2307106,Jardim,CE,2025,8,0.0,0.23397693390198795,2025-08,0.23397693390198795,True,False,mid,mid_dry,12.959080691774853,240,stratum,0.02,2021-08,2025-07,0.0,13.193057625676841,13.193057625676841,True
2307205,Jati,CE,2025,8,0.0,0.0,2025-08,0.0,True,False,low,low_dry,5.8144398154586625,240,stratum,0.02,2021-08,2025-07,0.0,5.8144398154586625,5.8144398154586625,True
2308401,Missão Velha,CE,2025,8,0.0,1.7938231599152412,2025-08,1.7938231599152412,True,False,high,high_dry,21.717977888893987,240,stratum,0.02,2021-08,2025-07,0.0,23.51180104880923,23.51180104880923,True
2309201,Nova Olinda,CE,2025,8,1.0,0.38996155650331327,2025-08,0.6100384434966868,True,False,low,low_dry,5.8144398154586625,240,stratum,0.02,2021-08,2025-07,0.0,6.204401371961976,6.204401371961976,True
2310605,Penaforte,CE,2025,8,0.0,0.0,2025-08,0.0,True,False,low,low_dry,5.8144398154586625,240,stratum,0.02,2021-08,2025-07,0.0,5.8144398154586625,5.8144398154586625,True
2311108,Porteiras,CE,2025,8,1.0,0.23397693390198795,2025-08,0.7660230660980121,True,False,low,low_dry,5.8144398154586625,240,stratum,0.02,2021-08,2025-07,0.0,6.04841674936065,6.04841674936065,True
2311207,Potengi,CE,2025,8,0.0,0.07799231130066264,2025-08,0.07799231130066264,True,False,low,low_dry,5.8144398154586625,240,stratum,0.02,2021-08,2025-07,0.0,5.892432126759325,5.892432126759325,True
2311959,Salitre,CE,2025,8,5.0,0.8579154243072892,2025-08,4.142084575692711,True,False,high,high_dry,21.717977888893987,240,stratum,0.02,2021-08,2025-07,0.0,22.575893313201277,22.575893313201277,True
2312106,Santana do Cariri,CE,2025,8,13.0,1.6378385373139157,2025-08,11.362161462686084,True,False,high,high_dry,21.717977888893987,240,stratum,0.02,2021-08,2025-07,0.0,23.3558164262079,23.3558164262079,True
2601102,Araripina,PE,2025,8,2.0,3.119692452026506,2025-08,1.1196924520265061,True,False,high,high_dry,21.717977888893987,240,stratum,0.02,2021-08,2025-07,0.0,24.837670340920493,24.837670340920493,True
2602001,Bodocó,PE,2025,8,1.0,2.183784716418554,2025-08,1.183784716418554,True,False,high,high_dry,21.717977888893987,240,stratum,0.02,2021-08,2025-07,0.0,23.90176260531254,23.90176260531254,True
2604304,Cedro,PE,2025,8,0.0,0.0,2025-08,0.0,True,False,low,low_dry,5.8144398154586625,240,stratum,0.02,2021-08,2025-07,0.0,5.8144398154586625,5.8144398154586625,True
2605301,Exu,PE,2025,8,6.0,1.4038616034119278,2025-08,4.596138396588072,True,False,high,high_dry,21.717977888893987,240,stratum,0.02,2021-08,2025-07,0.0,23.121839492305917,23.121839492305917,True
2607307,Ipubi,PE,2025,8,0.0,1.6378385373139157,2025-08,1.6378385373139157,True,False,high,high_dry,21.717977888893987,240,stratum,0.02,2021-08,2025-07,0.0,23.3558164262079,23.3558164262079,True
2614006,Serrita,PE,2025,8,0.0,0.4679538678039759,2025-08,0.4679538678039759,True,False,high,high_dry,21.717977888893987,240,stratum,0.02,2021-08,2025-07,0.0,22.185931756697965,22.185931756697965,True
2614303,Moreilândia,PE,2025,8,0.0,0.0,2025-08,0.0,True,False,mid,mid_dry,12.959080691774853,240,stratum,0.02,2021-08,2025-07,0.0,12.959080691774853,12.959080691774853,True
2615607,Trindade,PE,2025,8,0.0,0.9359077356079518,2025-08,0.9359077356079518,True,False,mid,mid_dry,12.959080691774853,240,stratum,0.02,2021-08,2025-07,0.0,13.894988427382804,13.894988427382804,True
2200277,Alegrete do Piauí,PI,2025,9,0.0,1.077546667241226,2025-09,1.077546667241226,True,False,low,low_dry,5.8144398154586625,240,stratum,0.02,2021-09,2025-08,0.0,6.891986482699888,6.891986482699888,True
2202091,Caldeirão Grande do Piauí,PI,2025,9,2.0,3.0017371444577012,2025-09,1.0017371444577012,True,False,mid,mid_dry,12.959080691774853,240,stratum,0.02,2021-09,2025-08,0.0,15.960817836232554,15.960817836232554,True
2202554,Caridade do Piauí,PI,2025,9,3.0,3.0017371444577012,2025-09,0.001737144457701234,True,False,mid,mid_dry,12.959080691774853,240,stratum,0.02,2021-09,2025-08,0.0,15.960817836232554,15.960817836232554,True
2203271,Curral Novo do Piauí,PI,2025,9,3.0,3.6174780971669733,2025-09,0.6174780971669733,True,False,mid,mid_dry,12.959080691774853,240,stratum,0.02,2021-09,2025-08,0.0,16.576558788941824,16.576558788941824,True
2204154,Francisco Macedo,PI,2025,9,2.0,0.692708571797931,2025-09,1.3072914282020691,True,False,low,low_dry,5.8144398154586625,240,stratum,0.02,2021-09,2025-08,0.0,6.507148387256594,6.507148387256594,True
2204303,Fronteiras,PI,2025,9,17.0,5.156830478940154,2025-09,11.843169521059846,True,False,mid,mid_dry,12.959080691774853,240,stratum,0.02,2021-09,2025-08,0.0,18.115911170715005,18.115911170715005,True
2205953,Marcolândia,PI,2025,9,1.0,0.9236114290639079,2025-09,0.07638857093609208,True,False,low,low_dry,5.8144398154586625,240,stratum,0.02,2021-09,2025-08,0.0,6.738051244522571,6.738051244522571,True
2207207,Padre Marcos,PI,2025,9,1.0,0.153935238177318,2025-09,0.846064761822682,True,False,low,low_dry,5.8144398154586625,240,stratum,0.02,2021-09,2025-08,0.0,5.96837505363598,5.96837505363598,True
2210300,São Julião,PI,2025,9,0.0,2.462963810837088,2025-09,2.462963810837088,True,False,low,low_dry,5.8144398154586625,240,stratum,0.02,2021-09,2025-08,0.0,8.27740362629575,8.27740362629575,True
2210706,Simões,PI,2025,9,8.0,2.8478019062803828,2025-09,5.152198093719617,True,False,high,high_dry,21.717977888893987,240,stratum,0.02,2021-09,2025-08,0.0,24.56577979517437,24.56577979517437,True
2300101,Abaiara,CE,2025,9,1.0,0.9236114290639079,2025-09,0.07638857093609208,True,False,mid,mid_dry,12.959080691774853,240,stratum,0.02,2021-09,2025-08,0.0,13.88269212083876,13.88269212083876,True
2300606,Altaneira,CE,2025,9,0.0,0.46180571453195396,2025-09,0.46180571453195396,True,False,low,low_dry,5.8144398154586625,240,stratum,0.02,2021-09,2025-08,0.0,6.276245529990616,6.276245529990616,True
2301307,Araripe,CE,2025,9,11.0,11.699078101476168,2025-09,0.699078101476168,True,False,high,high_dry,21.717977888893987,240,stratum,0.02,2021-09,2025-08,0.0,33.41705599037016,33.41705599037016,True
2301604,Assaré,CE,2025,9,2.0,3.07870476354636,2025-09,1.07870476354636,True,False,high,high_dry,21.717977888893987,240,stratum,0.02,2021-09,2025-08,0.0,24.796682652440346,24.796682652440346,True
2301901,Barbalha,CE,2025,9,7.0,4.8489600025855175,2025-09,2.1510399974144825,True,False,mid,mid_dry,12.959080691774853,240,stratum,0.02,2021-09,2025-08,0.0,17.808040694360372,17.808040694360372,True
2302503,Brejo Santo,CE,2025,9,0.0,3.155672382635019,2025-09,3.155672382635019,True,False,mid,mid_dry,12.959080691774853,240,stratum,0.02,2021-09,2025-08,0.0,16.114753074409872,16.114753074409872,True
2302701,Campos Sales,CE,2025,9,0.0,2.616899049014406,2025-09,2.616899049014406,True,False,mid,mid_dry,12.959080691774853,240,stratum,0.02,2021-09,2025-08,0.0,15.575979740789258,15.575979740789258,True
2304202,Crato,CE,2025,9,5.0,6.234377146181379,2025-09,1.2343771461813793,True,False,high,high_dry,21.717977888893987,240,stratum,0.02,2021-09,2025-08,0.0,27.952355035075367,27.952355035075367,True
2304301,Farias Brito,CE,2025,9,2.0,5.002895240762835,2025-09,3.002895240762835,True,False,mid,mid_dry,12.959080691774853,240,stratum,0.02,2021-09,2025-08,0.0,17.961975932537687,17.961975932537687,True
2307106,Jardim,CE,2025,9,1.0,2.616899049014406,2025-09,1.616899049014406,True,False,mid,mid_dry,12.959080691774853,240,stratum,0.02,2021-09,2025-08,0.0,15.575979740789258,15.575979740789258,True
2307205,Jati,CE,2025,9,0.0,0.9236114290639079,2025-09,0.9236114290639079,True,False,low,low_dry,5.8144398154586625,240,stratum,0.02,2021-09,2025-08,0.0,6.738051244522571,6.738051244522571,True
2308401,Missão Velha,CE,2025,9,5.0,5.002895240762835,2025-09,0.002895240762835094,True,False,high,high_dry,21.717977888893987,240,stratum,0.02,2021-09,2025-08,0.0,26.720873129656823,26.720873129656823,True
2309201,Nova Olinda,CE,2025,9,0.0,1.154514286329885,2025-09,1.154514286329885,True,False,low,low_dry,5.8144398154586625,240,stratum,0.02,2021-09,2025-08,0.0,6.9689541017885475,6.9689541017885475,True
2310605,Penaforte,CE,2025,9,0.0,0.0,2025-09,0.0,True,False,low,low_dry,5.8144398154586625,240,stratum,0.02,2021-09,2025-08,0.0,5.8144398154586625,5.8144398154586625,True
2311108,Porteiras,CE,2025,9,0.0,1.308449524507203,2025-09,1.308449524507203,True,False,low,low_dry,5.8144398154586625,240,stratum,0.02,2021-09,2025-08,0.0,7.122889339965866,7.122889339965866,True
2311207,Potengi,CE,2025,9,0.0,2.539931429925747,2025-09,2.539931429925747,True,False,low,low_dry,5.8144398154586625,240,stratum,0.02,2021-09,2025-08,0.0,8.35437124538441,8.35437124538441,True
2311959,Salitre,CE,2025,9,7.0,3.309607620812337,2025-09,3.690392379187663,True,False,high,high_dry,21.717977888893987,240,stratum,0.02,2021-09,2025-08,0.0,25.027585509706324,25.027585509706324,True
2312106,Santana do Cariri,CE,2025,9,2.0,5.079862859851494,2025-09,3.0798628598514943,True,False,high,high_dry,21.717977888893987,240,stratum,0.02,2021-09,2025-08,0.0,26.797840748745482,26.797840748745482,True
2601102,Araripina,PE,2025,9,13.0,17.163779056770956,2025-09,4.163779056770956,True,False,high,high_dry,21.717977888893987,240,stratum,0.02,2021-09,2025-08,0.0,38.88175694566495,38.88175694566495,True
2602001,Bodocó,PE,2025,9,13.0,20.01158096305134,2025-09,7.01158096305134,True,False,high,high_dry,21.717977888893987,240,stratum,0.02,2021-09,2025-08,0.0,41.72955885194533,41.72955885194533,True
2604304,Cedro,PE,2025,9,0.0,0.23090285726597698,2025-09,0.23090285726597698,True,False,low,low_dry,5.8144398154586625,240,stratum,0.02,2021-09,2025-08,0.0,6.045342672724639,6.045342672724639,True
2605301,Exu,PE,2025,9,2.0,6.0034742889154025,2025-09,4.0034742889154025,True,False,high,high_dry,21.717977888893987,240,stratum,0.02,2021-09,2025-08,0.0,27.72145217780939,27.72145217780939,True
2607307,Ipubi,PE,2025,9,1.0,7.311923813422605,2025-09,6.311923813422605,True,False,high,high_dry,21.717977888893987,240,stratum,0.02,2021-09,2025-08,0.0,29.029901702316593,29.029901702316593,True
2614006,Serrita,PE,2025,9,15.0,6.388312384358698,2025-09,8.611687615641301,True,False,high,high_dry,21.717977888893987,240,stratum,0.02,2021-09,2025-08,0.0,28.106290273252686,28.106290273252686,True
2614303,Moreilândia,PE,2025,9,1.0,1.924190477216475,2025-09,0.9241904772164751,True,False,mid,mid_dry,12.959080691774853,240,stratum,0.02,2021-09,2025-08,0.0,14.883271168991328,14.883271168991328,True
2615607,Trindade,PE,2025,9,1.0,2.385996191748429,2025-09,1.3859961917484291,True,False,mid,mid_dry,12.959080691774853,240,stratum,0.02,2021-09,2025-08,0.0,15.345076883523282,15.345076883523282,True
2200277,Alegrete do Piauí,PI,2025,10,5.0,2.469035396565163,2025-10,2.530964603434837,True,True,low,low_dry,5.8144398154586625,240,stratum,0.02,2021-10,2025-09,0.0,8.283475212023825,8.283475212023825,True
2202091,Caldeirão Grande do Piauí,PI,2025,10,25.0,10.911543526755718,2025-10,14.088456473244282,True,True,mid,mid_dry,12.959080691774853,240,stratum,0.02,2021-10,2025-09,0.0,23.870624218530573,23.870624218530573,False
2202554,Caridade do Piauí,PI,2025,10,40.0,15.61067541054103,2025-10,24.389324589458973,True,True,mid,mid_dry,12.959080691774853,240,stratum,0.02,2021-10,2025-09,2.6515947187661766,28.569756102315882,25.918161383549705,False
2203271,Curral Novo do Piauí,PI,2025,10,29.0,10.194726798720671,2025-10,18.805273201279327,True,True,mid,mid_dry,12.959080691774853,240,stratum,0.02,2021-10,2025-09,0.0,23.153807490495524,23.153807490495524,False
2204154,Francisco Macedo,PI,2025,10,8.0,3.504437337060231,2025-10,4.4955626629397685,True,True,low,low_dry,5.8144398154586625,240,stratum,0.02,2021-10,2025-09,0.0,9.318877152518894,9.318877152518894,True
2204303,Fronteiras,PI,2025,10,21.0,10.911543526755718,2025-10,10.088456473244282,True,True,high,high_dry,21.717977888893987,240,stratum,0.02,2021-10,2025-09,0.0,32.629521415649705,32.629521415649705,True
2205953,Marcolândia,PI,2025,10,2.0,1.274340849840084,2025-10,0.7256591501599161,True,True,low,low_dry,5.8144398154586625,240,stratum,0.02,2021-10,2025-09,0.0,7.088780665298747,7.088780665298747,True
2207207,Padre Marcos,PI,2025,10,9.0,4.300900368210283,2025-10,4.699099631789717,True,True,low,low_dry,5.8144398154586625,240,stratum,0.02,2021-10,2025-09,0.0,10.115340183668945,10.115340183668945,True
2210300,São Julião,PI,2025,10,9.0,2.1504501841051415,2025-10,6.849549815894859,True,True,low,low_dry,5.8144398154586625,240,stratum,0.02,2021-10,2025-09,0.0,7.964889999563804,7.964889999563804,False
2210706,Simões,PI,2025,10,48.0,14.097395651355928,2025-10,33.902604348644076,True,True,high,high_dry,21.717977888893987,240,stratum,0.02,2021-10,2025-09,0.0,35.815373540249915,35.815373540249915,False
2300101,Abaiara,CE,2025,10,0.0,3.0265595183701994,2025-10,3.0265595183701994,True,True,mid,mid_dry,12.959080691774853,240,stratum,0.02,2021-10,2025-09,0.0,15.985640210145052,15.985640210145052,True
2300606,Altaneira,CE,2025,10,5.0,0.637170424920042,2025-10,4.362829575079958,True,True,low,low_dry,5.8144398154586625,240,stratum,0.02,2021-10,2025-09,0.0,6.451610240378704,6.451610240378704,True
2301307,Araripe,CE,2025,10,28.0,20.309807294326337,2025-10,7.690192705673663,True,True,high,high_dry,21.717977888893987,240,stratum,0.02,2021-10,2025-09,0.0,42.027785183220324,42.027785183220324,True
2301604,Assaré,CE,2025,10,5.0,7.088520977235467,2025-10,2.0885209772354667,True,True,mid,mid_dry,12.959080691774853,240,stratum,0.02,2021-10,2025-09,0.0,20.04760166901032,20.04760166901032,True
2301901,Barbalha,CE,2025,10,10.0,7.247813583465477,2025-10,2.7521864165345233,True,True,mid,mid_dry,12.959080691774853,240,stratum,0.02,2021-10,2025-09,0.0,20.20689427524033,20.20689427524033,True
2302503,Brejo Santo,CE,2025,10,3.0,4.300900368210283,2025-10,1.300900368210283,True,True,mid,mid_dry,12.959080691774853,240,stratum,0.02,2021-10,2025-09,0.0,17.259981059985137,17.259981059985137,True
2302701,Campos Sales,CE,2025,10,8.0,5.734533824280377,2025-10,2.265466175719623,True,True,mid,mid_dry,12.959080691774853,240,stratum,0.02,2021-10,2025-09,0.0,18.69361451605523,18.69361451605523,True
2304202,Crato,CE,2025,10,26.0,15.132797591850997,2025-10,10.867202408149003,True,True,high,high_dry,21.717977888893987,240,stratum,0.02,2021-10,2025-09,0.0,36.850775480744986,36.850775480744986,True
2304301,Farias Brito,CE,2025,10,1.0,4.619485580670304,2025-10,3.619485580670304,True,True,mid,mid_dry,12.959080691774853,240,stratum,0.02,2021-10,2025-09,0.0,17.57856627244516,17.57856627244516,True
2307106,Jardim,CE,2025,10,4.0,4.061961458865267,2025-10,0.06196145886526683,True,True,mid,mid_dry,12.959080691774853,240,stratum,0.02,2021-10,2025-09,0.0,17.02104215064012,17.02104215064012,True
2307205,Jati,CE,2025,10,1.0,4.061961458865267,2025-10,3.061961458865267,True,True,low,low_dry,5.8144398154586625,240,stratum,0.02,2021-10,2025-09,0.0,9.876401274323928,9.876401274323928,True
2308401,Missão Velha,CE,2025,10,9.0,10.672604617410704,2025-10,1.6726046174107037,True,True,high,high_dry,21.717977888893987,240,stratum,0.02,2021-10,2025-09,0.0,32.39058250630469,32.39058250630469,True
2309201,Nova Olinda,CE,2025,10,3.0,1.6725723654151101,2025-10,1.3274276345848899,True,True,low,low_dry,5.8144398154586625,240,stratum,0.02,2021-10,2025-09,0.0,7.487012180873773,7.487012180873773,True
2310605,Penaforte,CE,2025,10,0.0,0.47787781869003143,2025-10,0.47787781869003143,True,True,low,low_dry,5.8144398154586625,240,stratum,0.02,2021-10,2025-09,0.0,6.292317634148694,6.292317634148694,True
2311108,Porteiras,CE,2025,10,0.0,0.8761093342650578,2025-10,0.8761093342650578,True,True,low,low_dry,5.8144398154586625,240,stratum,0.02,2021-10,2025-09,0.0,6.69054914972372,6.69054914972372,True
2311207,Potengi,CE,2025,10,14.0,3.3451447308302202,2025-10,10.65485526916978,True,True,low,low_dry,5.8144398154586625,240,stratum,0.02,2021-10,2025-09,0.0,9.159584546288883,9.159584546288883,False
2311959,Salitre,CE,2025,10,11.0,8.283215523960546,2025-10,2.7167844760394537,True,True,high,high_dry,21.717977888893987,240,stratum,0.02,2021-10,2025-09,0.0,30.001193412854533,30.001193412854533,True
2312106,Santana do Cariri,CE,2025,10,14.0,12.982347407745854,2025-10,1.0176525922541462,True,True,high,high_dry,21.717977888893987,240,stratum,0.02,2021-10,2025-09,0.0,34.70032529663984,34.70032529663984,True
2601102,Araripina,PE,2025,10,43.0,34.566495551912276,2025-10,8.433504448087724,True,True,high,high_dry,21.717977888893987,240,stratum,0.02,2021-10,2025-09,12.848517663018288,56.284473440806266,43.43595577778798,True
2602001,Bodocó,PE,2025,10,57.0,66.58430940414439,2025-10,9.584309404144392,True,True,high,high_dry,21.717977888893987,240,stratum,0.02,2021-10,2025-09,44.86633151525041,88.30228729303838,43.43595577778797,True
2604304,Cedro,PE,2025,10,5.0,0.47787781869003143,2025-10,4.522122181309968,True,True,low,low_dry,5.8144398154586625,240,stratum,0.02,2021-10,2025-09,0.0,6.292317634148694,6.292317634148694,True
2605301,Exu,PE,2025,10,44.0,22.30096487220147,2025-10,21.69903512779853,True,True,high,high_dry,21.717977888893987,240,stratum,0.02,2021-10,2025-09,0.5829869833074817,44.01894276109546,43.43595577778798,True
2607307,Ipubi,PE,2025,10,14.0,19.911575778751313,2025-10,5.911575778751313,True,True,high,high_dry,21.717977888893987,240,stratum,0.02,2021-10,2025-09,0.0,41.6295536676453,41.6295536676453,True
2614006,Serrita,PE,2025,10,31.0,19.513344263176283,2025-10,11.486655736823717,True,True,high,high_dry,21.717977888893987,240,stratum,0.02,2021-10,2025-09,0.0,41.23132215207027,41.23132215207027,True
2614303,Moreilândia,PE,2025,10,22.0,10.194726798720671,2025-10,11.805273201279329,True,True,mid,mid_dry,12.959080691774853,240,stratum,0.02,2021-10,2025-09,0.0,23.153807490495524,23.153807490495524,True
2615607,Trindade,PE,2025,10,9.0,4.3805466713252885,2025-10,4.6194533286747115,True,True,mid,mid_dry,12.959080691774853,240,stratum,0.02,2021-10,2025-09,0.0,17.339627363100142,17.339627363100142,True
2200277,Alegrete do Piauí,PI,2025,11,1.0,2.364886599134135,2025-11,1.364886599134135,True,True,low,low_dry,6.310161016560393,240,stratum,0.02,2021-11,2025-10,0.0,8.675047615694528,8.675047615694528,True
2202091,Caldeirão Grande do Piauí,PI,2025,11,6.0,8.49607407837078,2025-11,2.49607407837078,True,True,mid,mid_dry,15.679212870610261,260,stratum,0.02,2021-11,2025-10,0.0,24.17528694898104,24.17528694898104,True
2202554,Caridade do Piauí,PI,2025,11,4.0,7.882955330447116,2025-11,3.882955330447116,True,True,mid,mid_dry,15.679212870610261,260,stratum,0.02,2021-11,2025-10,0.0,23.562168201057375,23.562168201057375,True
2203271,Curral Novo do Piauí,PI,2025,11,17.0,5.342891946191934,2025-11,11.657108053808066,True,True,mid,mid_dry,15.679212870610261,260,stratum,0.02,2021-11,2025-10,0.0,21.022104816802194,21.022104816802194,True
2204154,Francisco Macedo,PI,2025,11,4.0,4.2918312354656525,2025-11,0.2918312354656525,True,True,low,low_dry,6.310161016560393,240,stratum,0.02,2021-11,2025-10,0.0,10.601992252026045,10.601992252026045,True
2204303,Fronteiras,PI,2025,11,12.0,13.48861245432062,2025-11,1.48861245432062,True,True,mid,mid_dry,15.679212870610261,260,stratum,0.02,2021-11,2025-10,0.0,29.16782532493088,29.16782532493088,True
2205953,Marcolândia,PI,2025,11,6.0,2.364886599134135,2025-11,3.635113400865865,True,True,low,low_dry,6.310161016560393,240,stratum,0.02,2021-11,2025-10,0.0,8.675047615694528,8.675047615694528,True
2207207,Padre Marcos,PI,2025,11,0.0,5.430480338752458,2025-11,5.430480338752458,True,True,low,low_dry,6.310161016560393,240,stratum,0.02,2021-11,2025-10,0.0,11.740641355312851,11.740641355312851,True
2210300,São Julião,PI,2025,11,0.0,2.4524749916946584,2025-11,2.4524749916946584,True,True,low,low_dry,6.310161016560393,240,stratum,0.02,2021-11,2025-10,0.0,8.76263600825505,8.76263600825505,True
2210706,Simões,PI,2025,11,26.0,16.291441016257373,2025-11,9.708558983742627,True,True,high,high_dry,23.481235034479855,220,stratum,0.02,2021-11,2025-10,0.0,39.77267605073723,39.77267605073723,True
2300101,Abaiara,CE,2025,11,8.0,5.430480338752458,2025-11,2.5695196612475417,True,True,mid,mid_dry,15.679212870610261,260,stratum,0.02,2021-11,2025-10,0.0,21.109693209362717,21.109693209362717,True
2300606,Altaneira,CE,2025,11,2.0,0.7882955330447116,2025-11,1.2117044669552883,True,True,low,low_dry,6.310161016560393,240,stratum,0.02,2021-11,2025-10,0.0,7.098456549605104,7.098456549605104,True
2301307,Araripe,CE,2025,11,25.0,26.101340983036007,2025-11,1.1013409830360068,True,True,high,high_dry,23.481235034479855,220,stratum,0.02,2021-11,2025-10,2.6201059485561515,49.58257601751586,46.96247006895971,True
2301604,Assaré,CE,2025,11,24.0,9.985076751899681,2025-11,14.014923248100319,True,True,mid,mid_dry,15.679212870610261,260,stratum,0.02,2021-11,2025-10,0.0,25.66428962250994,25.66428962250994,True
2301901,Barbalha,CE,2025,11,10.0,8.058132115568164,2025-11,1.9418678844318364,True,True,mid,mid_dry,15.679212870610261,260,stratum,0.02,2021-11,2025-10,0.0,23.737344986178424,23.737344986178424,True
2302503,Brejo Santo,CE,2025,11,7.0,9.021604433733923,2025-11,2.0216044337339234,True,True,mid,mid_dry,15.679212870610261,260,stratum,0.02,2021-11,2025-10,0.0,24.700817304344184,24.700817304344184,True
2302701,Campos Sales,CE,2025,11,19.0,4.992538375949841,2025-11,14.007461624050158,True,True,mid,mid_dry,15.679212870610261,260,stratum,0.02,2021-11,2025-10,0.0,20.671751246560103,20.671751246560103,True
2304202,Crato,CE,2025,11,17.0,18.218385652588893,2025-11,1.2183856525888928,True,True,high,high_dry,23.481235034479855,220,stratum,0.02,2021-11,2025-10,0.0,41.699620687068744,41.699620687068744,True
2304301,Farias Brito,CE,2025,11,7.0,6.48154104947874,2025-11,0.5184589505212598,True,True,mid,mid_dry,15.679212870610261,260,stratum,0.02,2021-11,2025-10,0.0,22.160753920089,22.160753920089,True
2307106,Jardim,CE,2025,11,13.0,5.430480338752458,2025-11,7.569519661247542,True,True,low,low_dry,6.310161016560393,240,stratum,0.02,2021-11,2025-10,0.0,11.740641355312851,11.740641355312851,False
2307205,Jati,CE,2025,11,0.0,4.72977319826827,2025-11,4.72977319826827,True,True,low,low_dry,6.310161016560393,240,stratum,0.02,2021-11,2025-10,0.0,11.039934214828662,11.039934214828662,True
2308401,Missão Velha,CE,2025,11,25.0,17.780443689786274,2025-11,7.219556310213726,True,True,high,high_dry,23.481235034479855,220,stratum,0.02,2021-11,2025-10,0.0,41.26167872426613,41.26167872426613,True
2309201,Nova Olinda,CE,2025,11,14.0,6.74430622716031,2025-11,7.25569377283969,True,True,low,low_dry,6.310161016560393,240,stratum,0.02,2021-11,2025-10,0.43414521059991706,13.054467243720703,12.620322033120786,False
2310605,Penaforte,CE,2025,11,0.0,0.43794196280261755,2025-11,0.43794196280261755,True,True,low,low_dry,6.310161016560393,240,stratum,0.02,2021-11,2025-10,0.0,6.7481029793630105,6.7481029793630105,True
2311108,Porteiras,CE,2025,11,4.0,3.6787124875419877,2025-11,0.32128751245801235,True,True,low,low_dry,6.310161016560393,240,stratum,0.02,2021-11,2025-10,0.0,9.988873504102381,9.988873504102381,True
2311207,Potengi,CE,2025,11,13.0,4.467008020586699,2025-11,8.5329919794133,True,True,mid,mid_dry,15.679212870610261,260,stratum,0.02,2021-11,2025-10,0.0,20.14622089119696,20.14622089119696,True
2311959,Salitre,CE,2025,11,14.0,15.678322268333709,2025-11,1.6783222683337087,True,True,high,high_dry,23.481235034479855,220,stratum,0.02,2021-11,2025-10,0.0,39.15955730281357,39.15955730281357,True
2312106,Santana do Cariri,CE,2025,11,27.0,21.371567784767738,2025-11,5.628432215232262,True,True,high,high_dry,23.481235034479855,220,stratum,0.02,2021-11,2025-10,0.0,44.85280281924759,44.85280281924759,True
2601102,Araripina,PE,2025,11,22.0,25.663399020233392,2025-11,3.663399020233392,True,True,high,high_dry,23.481235034479855,220,stratum,0.02,2021-11,2025-10,2.1821639857535367,49.14463405471325,46.96247006895972,True
2602001,Bodocó,PE,2025,11,57.0,55.00551052800877,2025-11,1.9944894719912298,True,True,high,high_dry,23.481235034479855,220,stratum,0.02,2021-11,2025-10,31.524275493528915,78.48674556248862,46.9624700689597,True
2604304,Cedro,PE,2025,11,4.0,0.5255303553631411,2025-11,3.474469644636859,True,True,low,low_dry,6.310161016560393,240,stratum,0.02,2021-11,2025-10,0.0,6.835691371923534,6.835691371923534,True
2605301,Exu,PE,2025,11,44.0,29.517288292896424,2025-11,14.482711707103576,True,True,high,high_dry,23.481235034479855,220,stratum,0.02,2021-11,2025-10,6.036053258416569,52.998523327376276,46.9624700689597,True
2607307,Ipubi,PE,2025,11,9.0,16.64179458649947,2025-11,7.6417945864994685,True,True,high,high_dry,23.481235034479855,220,stratum,0.02,2021-11,2025-10,0.0,40.123029620979324,40.123029620979324,True
2614006,Serrita,PE,2025,11,29.0,17.868032082346797,2025-11,11.131967917653203,True,True,high,high_dry,23.481235034479855,220,stratum,0.02,2021-11,2025-10,0.0,41.34926711682665,41.34926711682665,True
2614303,Moreilândia,PE,2025,11,16.0,9.371958003976015,2025-11,6.628041996023985,True,True,mid,mid_dry,15.679212870610261,260,stratum,0.02,2021-11,2025-10,0.0,25.051170874586276,25.051170874586276,True
2615607,Trindade,PE,2025,11,5.0,3.0655937396183233,2025-11,1.9344062603816767,True,True,mid,mid_dry,15.679212870610261,260,stratum,0.02,2021-11,2025-10,0.0,18.744806610228583,18.744806610228583,True
2200277,Alegrete do Piauí,PI,2025,12,0.0,1.131222894538655,2025-12,1.131222894538655,True,False,low,low_dry,6.849549815894859,240,stratum,0.02,2021-12,2025-11,0.0,7.980772710433514,7.980772710433514,True
2202091,Caldeirão Grande do Piauí,PI,2025,12,0.0,2.4509829381670865,2025-12,2.4509829381670865,True,False,mid,mid_dry,16.243574686490977,240,stratum,0.02,2021-12,2025-11,0.0,18.694557624658064,18.694557624658064,True
2202554,Caridade do Piauí,PI,2025,12,0.0,3.3936686836159655,2025-12,3.3936686836159655,True,False,mid,mid_dry,16.243574686490977,240,stratum,0.02,2021-12,2025-11,0.0,19.637243370106944,19.637243370106944,True
2203271,Curral Novo do Piauí,PI,2025,12,0.0,1.131222894538655,2025-12,1.131222894538655,True,False,mid,mid_dry,16.243574686490977,240,stratum,0.02,2021-12,2025-11,0.0,17.374797581029632,17.374797581029632,True
2204154,Francisco Macedo,PI,2025,12,1.0,1.8853714908977586,2025-12,0.8853714908977586,True,False,low,low_dry,6.849549815894859,240,stratum,0.02,2021-12,2025-11,0.0,8.734921306792618,8.734921306792618,True
2204303,Fronteiras,PI,2025,12,3.0,4.52489157815462,2025-12,1.5248915781546204,True,False,mid,mid_dry,16.243574686490977,240,stratum,0.02,2021-12,2025-11,0.0,20.768466264645596,20.768466264645596,True
2205953,Marcolândia,PI,2025,12,3.0,2.6395200872568623,2025-12,0.36047991274313773,True,False,low,low_dry,6.849549815894859,240,stratum,0.02,2021-12,2025-11,0.0,9.489069903151721,9.489069903151721,True
2207207,Padre Marcos,PI,2025,12,0.0,1.6968343418079828,2025-12,1.6968343418079828,True,False,low,low_dry,6.849549815894859,240,stratum,0.02,2021-12,2025-11,0.0,8.546384157702843,8.546384157702843,True
2210300,São Julião,PI,2025,12,0.0,1.7911029163528709,2025-12,1.7911029163528709,True,False,low,low_dry,6.849549815894859,240,stratum,0.02,2021-12,2025-11,0.0,8.64065273224773,8.64065273224773,True
2210706,Simões,PI,2025,12,1.0,3.5822058327057418,2025-12,2.5822058327057418,True,False,high,high_dry,23.481235034479855,240,stratum,0.02,2021-12,2025-11,0.0,27.063440867185598,27.063440867185598,True
2300101,Abaiara,CE,2025,12,5.0,3.5822058327057418,2025-12,1.4177941672942582,True,False,low,low_dry,6.849549815894859,240,stratum,0.02,2021-12,2025-11,0.0,10.4317556486006,10.4317556486006,True
2300606,Altaneira,CE,2025,12,2.0,0.9426857454488793,2025-12,1.0573142545511207,True,False,low,low_dry,6.849549815894859,240,stratum,0.02,2021-12,2025-11,0.0,7.792235561343738,7.792235561343738,True
2301307,Araripe,CE,2025,12,3.0,14.800166203547407,2025-12,11.800166203547407,True,False,high,high_dry,23.481235034479855,240,stratum,0.02,2021-12,2025-11,0.0,38.281401238027264,38.281401238027264,True
2301604,Assaré,CE,2025,12,9.0,10.181006050847898,2025-12,1.1810060508478983,True,False,high,high_dry,23.481235034479855,240,stratum,0.02,2021-12,2025-11,0.0,33.66224108532775,33.66224108532775,True
2301901,Barbalha,CE,2025,12,1.0,4.336354429064846,2025-12,3.336354429064846,True,False,mid,mid_dry,16.243574686490977,240,stratum,0.02,2021-12,2025-11,0.0,20.57992911555582,20.57992911555582,True
2302503,Brejo Santo,CE,2025,12,2.0,5.2790401745137245,2025-12,3.2790401745137245,True,False,mid,mid_dry,16.243574686490977,240,stratum,0.02,2021-12,2025-11,0.0,21.5226148610047,21.5226148610047,True
2302701,Campos Sales,CE,2025,12,3.0,3.3936686836159655,2025-12,0.3936686836159655,True,False,mid,mid_dry,16.243574686490977,240,stratum,0.02,2021-12,2025-11,0.0,19.637243370106944,19.637243370106944,True
2304202,Crato,CE,2025,12,17.0,11.689303243566105,2025-12,5.310696756433895,True,False,high,high_dry,23.481235034479855,240,stratum,0.02,2021-12,2025-11,0.0,35.17053827804596,35.17053827804596,True
2304301,Farias Brito,CE,2025,12,7.0,5.750383047238164,2025-12,1.2496169527618362,True,False,mid,mid_dry,16.243574686490977,240,stratum,0.02,2021-12,2025-11,0.0,21.99395773372914,21.99395773372914,True
2307106,Jardim,CE,2025,12,6.0,7.070143090866596,2025-12,1.0701430908665959,True,False,mid,mid_dry,16.243574686490977,240,stratum,0.02,2021-12,2025-11,0.0,23.313717777357574,23.313717777357574,True
2307205,Jati,CE,2025,12,4.0,2.073908639987535,2025-12,1.9260913600124652,True,False,low,low_dry,6.849549815894859,240,stratum,0.02,2021-12,2025-11,0.0,8.923458455882393,8.923458455882393,True
2308401,Missão Velha,CE,2025,12,9.0,14.328823330822967,2025-12,5.328823330822967,True,False,high,high_dry,23.481235034479855,240,stratum,0.02,2021-12,2025-11,0.0,37.81005836530282,37.81005836530282,True
2309201,Nova Olinda,CE,2025,12,1.0,5.750383047238164,2025-12,4.750383047238164,True,False,low,low_dry,6.849549815894859,240,stratum,0.02,2021-12,2025-11,0.0,12.599932863133024,12.599932863133024,True
2310605,Penaforte,CE,2025,12,1.0,0.8484171709039914,2025-12,0.15158282909600862,True,False,low,low_dry,6.849549815894859,240,stratum,0.02,2021-12,2025-11,0.0,7.69796698679885,7.69796698679885,True
2311108,Porteiras,CE,2025,12,3.0,3.5822058327057418,2025-12,0.5822058327057418,True,False,low,low_dry,6.849549815894859,240,stratum,0.02,2021-12,2025-11,0.0,10.4317556486006,10.4317556486006,True
2311207,Potengi,CE,2025,12,1.0,2.828057236346638,2025-12,1.828057236346638,True,False,mid,mid_dry,16.243574686490977,240,stratum,0.02,2021-12,2025-11,0.0,19.071631922837614,19.071631922837614,True
2311959,Salitre,CE,2025,12,5.0,7.7300231126808105,2025-12,2.7300231126808105,True,False,high,high_dry,23.481235034479855,240,stratum,0.02,2021-12,2025-11,0.0,31.211258147160667,31.211258147160667,True
2312106,Santana do Cariri,CE,2025,12,9.0,21.210429272599786,2025-12,12.210429272599786,True,False,high,high_dry,23.481235034479855,240,stratum,0.02,2021-12,2025-11,0.0,44.69166430707964,44.69166430707964,True
2601102,Araripina,PE,2025,12,5.0,8.861246007219467,2025-12,3.861246007219467,True,False,high,high_dry,23.481235034479855,240,stratum,0.02,2021-12,2025-11,0.0,32.34248104169932,32.34248104169932,True
2602001,Bodocó,PE,2025,12,5.0,29.600332407094815,2025-12,24.600332407094815,True,False,high,high_dry,23.481235034479855,240,stratum,0.02,2021-12,2025-11,6.119097372614959,53.08156744157467,46.96247006895971,False
2604304,Cedro,PE,2025,12,0.0,0.5656114472693275,2025-12,0.5656114472693275,True,False,low,low_dry,6.849549815894859,240,stratum,0.02,2021-12,2025-11,0.0,7.415161263164187,7.415161263164187,True
2605301,Exu,PE,2025,12,5.0,23.095800763497543,2025-12,18.095800763497543,True,False,high,high_dry,23.481235034479855,240,stratum,0.02,2021-12,2025-11,0.0,46.5770357979774,46.5770357979774,True
2607307,Ipubi,PE,2025,12,3.0,8.484171709039915,2025-12,5.484171709039915,True,False,high,high_dry,23.481235034479855,240,stratum,0.02,2021-12,2025-11,0.0,31.96540674351977,31.96540674351977,True
2614006,Serrita,PE,2025,12,5.0,10.746617498117226,2025-12,5.746617498117226,True,False,high,high_dry,23.481235034479855,240,stratum,0.02,2021-12,2025-11,0.0,34.22785253259708,34.22785253259708,True
2614303,Moreilândia,PE,2025,12,3.0,4.52489157815462,2025-12,1.5248915781546204,True,False,mid,mid_dry,16.243574686490977,240,stratum,0.02,2021-12,2025-11,0.0,20.768466264645596,20.768466264645596,True
2615607,Trindade,PE,2025,12,0.0,1.414028618173319,2025-12,1.414028618173319,True,False,mid,mid_dry,16.243574686490977,240,stratum,0.02,2021-12,2025-11,0.0,17.657603304664296,17.657603304664296,True
