municipio_raw,estado_raw,uf_from_estado,name_key,geocodigo,status,reason,total_fire_count
ABAIARA,CEARÁ,CE,abaiara,2300101,RESOLVED,,182
ACARAPE,CEARÁ,CE,acarape,2300150,RESOLVED,,265
ACARAÚ,CEARÁ,CE,acarau,2300200,RESOLVED,,1351
ACOPIARA,CEARÁ,CE,acopiara,2300309,RESOLVED,,581
AIUABA,CEARÁ,CE,aiuaba,2300408,RESOLVED,,372
ALCÂNTARAS,CEARÁ,CE,alcantaras,2300507,RESOLVED,,261
ALTANEIRA,CEARÁ,CE,altaneira,2300606,RESOLVED,,37
ALTO SANTO,CEARÁ,CE,alto santo,2300705,RESOLVED,,275
AMONTADA,CEARÁ,CE,amontada,2300754,RESOLVED,,2000
ANTONINA DO NORTE,CEARÁ,CE,antonina do norte,2300804,RESOLVED,,60
APUIARÉS,CEARÁ,CE,apuiares,2300903,RESOLVED,,513
AQUIRAZ,CEARÁ,CE,aquiraz,2301000,RESOLVED,,360
ARACATI,CEARÁ,CE,aracati,2301109,RESOLVED,,513
ARACOIABA,CEARÁ,CE,aracoiaba,2301208,RESOLVED,,790
ARARENDÁ,CEARÁ,CE,ararenda,2301257,RESOLVED,,540
ARARIPE,CEARÁ,CE,araripe,2301307,RESOLVED,,1017
ARATUBA,CEARÁ,CE,aratuba,2301406,RESOLVED,,166
ARNEIROZ,CEARÁ,CE,arneiroz,2301505,RESOLVED,,118
ASSARÉ,CEARÁ,CE,assare,2301604,RESOLVED,,437
AURORA,CEARÁ,CE,aurora,2301703,RESOLVED,,461
BAIXIO,CEARÁ,CE,baixio,2301802,RESOLVED,,143
BANABUIÚ,CEARÁ,CE,banabuiu,2301851,RESOLVED,,311
BARBALHA,CEARÁ,CE,barbalha,2301901,RESOLVED,,361
BARREIRA,CEARÁ,CE,barreira,2301950,RESOLVED,,137
BARRO,CEARÁ,CE,barro,2302008,RESOLVED,,299
BARROQUINHA,CEARÁ,CE,barroquinha,2302057,RESOLVED,,980
BATURITÉ,CEARÁ,CE,baturite,2302107,RESOLVED,,555
BEBERIBE,CEARÁ,CE,beberibe,2302206,RESOLVED,,634
BELA CRUZ,CEARÁ,CE,bela cruz,2302305,RESOLVED,,783
BOA VIAGEM,CEARÁ,CE,boa viagem,2302404,RESOLVED,,4743
BREJO SANTO,CEARÁ,CE,brejo santo,2302503,RESOLVED,,306
CAMOCIM,CEARÁ,CE,camocim,2302602,RESOLVED,,1159
CAMPOS SALES,CEARÁ,CE,campos sales,2302701,RESOLVED,,233
CANINDÉ,CEARÁ,CE,caninde,2302800,RESOLVED,,2681
CAPISTRANO,CEARÁ,CE,capistrano,2302909,RESOLVED,,494
CARIDADE,CEARÁ,CE,caridade,2303006,RESOLVED,,448
CARIRIAÇU,CEARÁ,CE,caririacu,2303204,RESOLVED,,526
CARIRÉ,CEARÁ,CE,carire,2303105,RESOLVED,,1845
CARIÚS,CEARÁ,CE,carius,2303303,RESOLVED,,746
CARNAUBAL,CEARÁ,CE,carnaubal,2303402,RESOLVED,,138
CASCAVEL,CEARÁ,CE,cascavel,2303501,RESOLVED,,488
CATARINA,CEARÁ,CE,catarina,2303600,RESOLVED,,81
CATUNDA,CEARÁ,CE,catunda,2303659,RESOLVED,,1129
CAUCAIA,CEARÁ,CE,caucaia,2303709,RESOLVED,,1772
CEDRO,CEARÁ,CE,cedro,2303808,RESOLVED,,522
CHAVAL,CEARÁ,CE,chaval,2303907,RESOLVED,,395
CHOROZINHO,CEARÁ,CE,chorozinho,2303956,RESOLVED,,177
CHORÓ,CEARÁ,CE,choro,2303931,RESOLVED,,760
COREAÚ,CEARÁ,CE,coreau,2304004,RESOLVED,,1361
CRATEÚS,CEARÁ,CE,crateus,2304103,RESOLVED,,4020
CRATO,CEARÁ,CE,crato,2304202,RESOLVED,,720
CROATÁ,CEARÁ,CE,croata,2304236,RESOLVED,,293
CRUZ,CEARÁ,CE,cruz,2304251,RESOLVED,,265
DEPUTADO IRAPUAN PINHEIRO,CEARÁ,CE,deputado irapuan pinheiro,2304269,RESOLVED,,100
ERERÊ,CEARÁ,CE,erere,2304277,RESOLVED,,550
EUSÉBIO,CEARÁ,CE,eusebio,2304285,RESOLVED,,37
FARIAS BRITO,CEARÁ,CE,farias brito,2304301,RESOLVED,,290
FORQUILHA,CEARÁ,CE,forquilha,2304350,RESOLVED,,1129
FORTALEZA,CEARÁ,CE,fortaleza,2304400,RESOLVED,,77
FORTIM,CEARÁ,CE,fortim,2304459,RESOLVED,,149
FRECHEIRINHA,CEARÁ,CE,frecheirinha,2304509,RESOLVED,,351
GENERAL SAMPAIO,CEARÁ,CE,general sampaio,2304608,RESOLVED,,181
GRANJA,CEARÁ,CE,granja,2304707,RESOLVED,,3176
GRANJEIRO,CEARÁ,CE,granjeiro,2304806,RESOLVED,,81
GRAÇA,CEARÁ,CE,graca,2304657,RESOLVED,,461
GROAÍRAS,CEARÁ,CE,groairas,2304905,RESOLVED,,479
GUAIÚBA,CEARÁ,CE,guaiuba,2304954,RESOLVED,,641
GUARACIABA DO NORTE,CEARÁ,CE,guaraciaba do norte,2305001,RESOLVED,,177
GUARAMIRANGA,CEARÁ,CE,guaramiranga,2305100,RESOLVED,,13
HIDROLÂNDIA,CEARÁ,CE,hidrolandia,2305209,RESOLVED,,978
HORIZONTE,CEARÁ,CE,horizonte,2305233,RESOLVED,,131
IBARETAMA,CEARÁ,CE,ibaretama,2305266,RESOLVED,,485
IBIAPINA,CEARÁ,CE,ibiapina,2305308,RESOLVED,,146
IBICUITINGA,CEARÁ,CE,ibicuitinga,2305332,RESOLVED,,188
ICAPUÍ,CEARÁ,CE,icapui,2305357,RESOLVED,,229
ICÓ,CEARÁ,CE,ico,2305407,RESOLVED,,1852
IGUATU,CEARÁ,CE,iguatu,2305506,RESOLVED,,643
INDEPENDÊNCIA,CEARÁ,CE,independencia,2305605,RESOLVED,,985
IPAPORANGA,CEARÁ,CE,ipaporanga,2305654,RESOLVED,,715
IPAUMIRIM,CEARÁ,CE,ipaumirim,2305704,RESOLVED,,224
IPU,CEARÁ,CE,ipu,2305803,RESOLVED,,1167
IPUEIRAS,CEARÁ,CE,ipueiras,2305902,RESOLVED,,1971
IRACEMA,CEARÁ,CE,iracema,2306009,RESOLVED,,641
IRAUÇUBA,CEARÁ,CE,iraucuba,2306108,RESOLVED,,703
ITAITINGA,CEARÁ,CE,itaitinga,2306256,RESOLVED,,128
ITAIÇABA,CEARÁ,CE,itaicaba,2306207,RESOLVED,,27
ITAPAJÉ,CEARÁ,CE,itapaje,2306306,RESOLVED,,752
ITAPIPOCA,CEARÁ,CE,itapipoca,2306405,RESOLVED,,2783
ITAPIÚNA,CEARÁ,CE,itapiuna,2306504,RESOLVED,,738
ITAREMA,CEARÁ,CE,itarema,2306553,RESOLVED,,1157
ITATIRA,CEARÁ,CE,itatira,2306603,RESOLVED,,1532
JAGUARETAMA,CEARÁ,CE,jaguaretama,2306702,RESOLVED,,132
JAGUARIBARA,CEARÁ,CE,jaguaribara,2306801,RESOLVED,,64
JAGUARIBE,CEARÁ,CE,jaguaribe,2306900,RESOLVED,,321
JAGUARUANA,CEARÁ,CE,jaguaruana,2307007,RESOLVED,,112
JARDIM,CEARÁ,CE,jardim,2307106,RESOLVED,,282
JATI,CEARÁ,CE,jati,2307205,RESOLVED,,171
JIJOCA DE JERICOACOARA,CEARÁ,CE,jijoca de jericoacoara,2307254,RESOLVED,,112
JUAZEIRO DO NORTE,CEARÁ,CE,juazeiro do norte,2307304,RESOLVED,,204
JUCÁS,CEARÁ,CE,jucas,2307403,RESOLVED,,724
LAVRAS DA MANGABEIRA,CEARÁ,CE,lavras da mangabeira,2307502,RESOLVED,,706
LIMOEIRO DO NORTE,CEARÁ,CE,limoeiro do norte,2307601,RESOLVED,,247
MADALENA,CEARÁ,CE,madalena,2307635,RESOLVED,,1025
MARACANAÚ,CEARÁ,CE,maracanau,2307650,RESOLVED,,82
MARANGUAPE,CEARÁ,CE,maranguape,2307700,RESOLVED,,1588
MARCO,CEARÁ,CE,marco,2307809,RESOLVED,,556
MARTINÓPOLE,CEARÁ,CE,martinopole,2307908,RESOLVED,,636
MASSAPÊ,CEARÁ,CE,massape,2308005,RESOLVED,,937
MAURITI,CEARÁ,CE,mauriti,2308104,RESOLVED,,1054
MERUOCA,CEARÁ,CE,meruoca,2308203,RESOLVED,,122
MILAGRES,CEARÁ,CE,milagres,2308302,RESOLVED,,365
MILHÃ,CEARÁ,CE,milha,2308351,RESOLVED,,568
MIRAÍMA,CEARÁ,CE,miraima,2308377,RESOLVED,,353
MISSÃO VELHA,CEARÁ,CE,missao velha,2308401,RESOLVED,,690
MOMBAÇA,CEARÁ,CE,mombaca,2308500,RESOLVED,,487
MONSENHOR TABOSA,CEARÁ,CE,monsenhor tabosa,2308609,RESOLVED,,2412
MORADA NOVA,CEARÁ,CE,morada nova,2308708,RESOLVED,,474
MORAÚJO,CEARÁ,CE,moraujo,2308807,RESOLVED,,735
MORRINHOS,CEARÁ,CE,morrinhos,2308906,RESOLVED,,445
MUCAMBO,CEARÁ,CE,mucambo,2309003,RESOLVED,,556
MULUNGU,CEARÁ,CE,mulungu,2309102,RESOLVED,,96
NOVA OLINDA,CEARÁ,CE,nova olinda,2309201,RESOLVED,,216
NOVA RUSSAS,CEARÁ,CE,nova russas,2309300,RESOLVED,,647
NOVO ORIENTE,CEARÁ,CE,novo oriente,2309409,RESOLVED,,676
OCARA,CEARÁ,CE,ocara,2309458,RESOLVED,,369
ORÓS,CEARÁ,CE,oros,2309508,RESOLVED,,329
PACAJUS,CEARÁ,CE,pacajus,2309607,RESOLVED,,112
PACATUBA,CEARÁ,CE,pacatuba,2309706,RESOLVED,,141
PACOTI,CEARÁ,CE,pacoti,2309805,RESOLVED,,104
PACUJÁ,CEARÁ,CE,pacuja,2309904,RESOLVED,,182
PALHANO,CEARÁ,CE,palhano,2310001,RESOLVED,,104
PALMÁCIA,CEARÁ,CE,palmacia,2310100,RESOLVED,,387
PARACURU,CEARÁ,CE,paracuru,2310209,RESOLVED,,446
PARAIPABA,CEARÁ,CE,paraipaba,2310258,RESOLVED,,475
PARAMBU,CEARÁ,CE,parambu,2310308,RESOLVED,,476
PARAMOTI,CEARÁ,CE,paramoti,2310407,RESOLVED,,253
PEDRA BRANCA,CEARÁ,CE,pedra branca,2310506,RESOLVED,,512
PENAFORTE,CEARÁ,CE,penaforte,2310605,RESOLVED,,28
PENTECOSTE,CEARÁ,CE,pentecoste,2310704,RESOLVED,,492
PEREIRO,CEARÁ,CE,pereiro,2310803,RESOLVED,,772
PINDORETAMA,CEARÁ,CE,pindoretama,2310852,RESOLVED,,37
PIQUET CARNEIRO,CEARÁ,CE,piquet carneiro,2310902,RESOLVED,,122
PIRES FERREIRA,CEARÁ,CE,pires ferreira,2310951,RESOLVED,,730
PORANGA,CEARÁ,CE,poranga,2311009,RESOLVED,,633
PORTEIRAS,CEARÁ,CE,porteiras,2311108,RESOLVED,,136
POTENGI,CEARÁ,CE,potengi,2311207,RESOLVED,,195
POTIRETAMA,CEARÁ,CE,potiretama,2311231,RESOLVED,,37
QUITERIANÓPOLIS,CEARÁ,CE,quiterianopolis,2311264,RESOLVED,,758
QUIXADÁ,CEARÁ,CE,quixada,2311306,RESOLVED,,1428
QUIXELÔ,CEARÁ,CE,quixelo,2311355,RESOLVED,,141
QUIXERAMOBIM,CEARÁ,CE,quixeramobim,2311405,RESOLVED,,3167
QUIXERÉ,CEARÁ,CE,quixere,2311504,RESOLVED,,196
REDENÇÃO,CEARÁ,CE,redencao,2311603,RESOLVED,,622
RERIUTABA,CEARÁ,CE,reriutaba,2311702,RESOLVED,,1400
RUSSAS,CEARÁ,CE,russas,2311801,RESOLVED,,381
SABOEIRO,CEARÁ,CE,saboeiro,2311900,RESOLVED,,372
SALITRE,CEARÁ,CE,salitre,2311959,RESOLVED,,472
SANTA QUITÉRIA,CEARÁ,CE,santa quiteria,2312205,RESOLVED,,3768
SANTANA DO ACARAÚ,CEARÁ,CE,santana do acarau,2312007,RESOLVED,,907
SANTANA DO CARIRI,CEARÁ,CE,santana do cariri,2312106,RESOLVED,,897
SENADOR POMPEU,CEARÁ,CE,senador pompeu,2312700,RESOLVED,,633
SENADOR SÁ,CEARÁ,CE,senador sa,2312809,RESOLVED,,455
SOBRAL,CEARÁ,CE,sobral,2312908,RESOLVED,,2084
SOLONÓPOLE,CEARÁ,CE,solonopole,2313005,RESOLVED,,406
SÃO BENEDITO,CEARÁ,CE,sao benedito,2312304,RESOLVED,,110
SÃO GONÇALO DO AMARANTE,CEARÁ,CE,sao goncalo do amarante,2312403,RESOLVED,,770
SÃO JOÃO DO JAGUARIBE,CEARÁ,CE,sao joao do jaguaribe,2312502,RESOLVED,,11
SÃO LUÍS DO CURU,CEARÁ,CE,sao luis do curu,2312601,RESOLVED,,73
TABULEIRO DO NORTE,CEARÁ,CE,tabuleiro do norte,2313104,RESOLVED,,122
TAMBORIL,CEARÁ,CE,tamboril,2313203,RESOLVED,,1305
TARRAFAS,CEARÁ,CE,tarrafas,2313252,RESOLVED,,234
TAUÁ,CEARÁ,CE,taua,2313302,RESOLVED,,1024
TEJUÇUOCA,CEARÁ,CE,tejucuoca,2313351,RESOLVED,,1228
TIANGUÁ,CEARÁ,CE,tiangua,2313401,RESOLVED,,733
TRAIRI,CEARÁ,CE,trairi,2313500,RESOLVED,,1680
TURURU,CEARÁ,CE,tururu,2313559,RESOLVED,,346
UBAJARA,CEARÁ,CE,ubajara,2313609,RESOLVED,,257
UMARI,CEARÁ,CE,umari,2313708,RESOLVED,,271
UMIRIM,CEARÁ,CE,umirim,2313757,RESOLVED,,381
URUBURETAMA,CEARÁ,CE,uruburetama,2313807,RESOLVED,,89
URUOCA,CEARÁ,CE,uruoca,2313906,RESOLVED,,1082
VARJOTA,CEARÁ,CE,varjota,2313955,RESOLVED,,421
VIÇOSA DO CEARÁ,CEARÁ,CE,vicosa do ceara,2314102,RESOLVED,,1983
VÁRZEA ALEGRE,CEARÁ,CE,varzea alegre,2314003,RESOLVED,,517
ABREU E LIMA,PERNAMBUCO,PE,abreu e lima,2600054,RESOLVED,,2
AFOGADOS DA INGAZEIRA,PERNAMBUCO,PE,afogados da ingazeira,2600104,RESOLVED,,264
AFRÂNIO,PERNAMBUCO,PE,afranio,2600203,RESOLVED,,1611
AGRESTINA,PERNAMBUCO,PE,agrestina,2600302,RESOLVED,,15
ALAGOINHA,PERNAMBUCO,PE,alagoinha,2600609,RESOLVED,,51
ALIANÇA,PERNAMBUCO,PE,alianca,2600708,RESOLVED,,191
ALTINHO,PERNAMBUCO,PE,altinho,2600807,RESOLVED,,26
AMARAJI,PERNAMBUCO,PE,amaraji,2600906,RESOLVED,,72
ANGELIM,PERNAMBUCO,PE,angelim,2601003,RESOLVED,,27
ARARIPINA,PERNAMBUCO,PE,araripina,2601102,RESOLVED,,1253
ARAÇOIABA,PERNAMBUCO,PE,aracoiaba,2601052,RESOLVED,,28
ARCOVERDE,PERNAMBUCO,PE,arcoverde,2601201,RESOLVED,,156
BARRA DE GUABIRABA,PERNAMBUCO,PE,barra de guabiraba,2601300,RESOLVED,,26
BARREIROS,PERNAMBUCO,PE,barreiros,2601409,RESOLVED,,99
BELO JARDIM,PERNAMBUCO,PE,belo jardim,2601706,RESOLVED,,176
BELÉM DE MARIA,PERNAMBUCO,PE,belem de maria,2601508,RESOLVED,,19
BELÉM DO SÃO FRANCISCO,PERNAMBUCO,PE,belem do sao francisco,2601607,RESOLVED,,30
BETÂNIA,PERNAMBUCO,PE,betania,2601805,RESOLVED,,60
BEZERROS,PERNAMBUCO,PE,bezerros,2601904,RESOLVED,,95
BODOCÓ,PERNAMBUCO,PE,bodoco,2602001,RESOLVED,,2397
BOM CONSELHO,PERNAMBUCO,PE,bom conselho,2602100,RESOLVED,,148
BOM JARDIM,PERNAMBUCO,PE,bom jardim,2602209,RESOLVED,,35
BONITO,PERNAMBUCO,PE,bonito,2602308,RESOLVED,,77
BREJINHO,PERNAMBUCO,PE,brejinho,2602506,RESOLVED,,69
BREJO DA MADRE DE DEUS,PERNAMBUCO,PE,brejo da madre de deus,2602605,RESOLVED,,94
BREJÃO,PERNAMBUCO,PE,brejao,2602407,RESOLVED,,18
BUENOS AIRES,PERNAMBUCO,PE,buenos aires,2602704,RESOLVED,,47
BUÍQUE,PERNAMBUCO,PE,buique,2602803,RESOLVED,,301
CABO DE SANTO AGOSTINHO,PERNAMBUCO,PE,cabo de santo agostinho,2602902,RESOLVED,,123
CABROBÓ,PERNAMBUCO,PE,cabrobo,2603009,RESOLVED,,179
CACHOEIRINHA,PERNAMBUCO,PE,cachoeirinha,2603108,RESOLVED,,11
CAETÉS,PERNAMBUCO,PE,caetes,2603207,RESOLVED,,11
CALUMBI,PERNAMBUCO,PE,calumbi,2603405,RESOLVED,,84
CALÇADO,PERNAMBUCO,PE,calcado,2603306,RESOLVED,,5
CAMARAGIBE,PERNAMBUCO,PE,camaragibe,2603454,RESOLVED,,3
CAMOCIM DE SÃO FÉLIX,PERNAMBUCO,PE,camocim de sao felix,2603504,RESOLVED,,14
CAMUTANGA,PERNAMBUCO,PE,camutanga,2603603,RESOLVED,,13
CANHOTINHO,PERNAMBUCO,PE,canhotinho,2603702,RESOLVED,,46
CAPOEIRAS,PERNAMBUCO,PE,capoeiras,2603801,RESOLVED,,73
CARNAUBEIRA DA PENHA,PERNAMBUCO,PE,carnaubeira da penha,2603926,RESOLVED,,128
CARNAÍBA,PERNAMBUCO,PE,carnaiba,2603900,RESOLVED,,242
CARPINA,PERNAMBUCO,PE,carpina,2604007,RESOLVED,,33
CARUARU,PERNAMBUCO,PE,caruaru,2604106,RESOLVED,,101
CASINHAS,PERNAMBUCO,PE,casinhas,2604155,RESOLVED,,16
CATENDE,PERNAMBUCO,PE,catende,2604205,RESOLVED,,55
CEDRO,PERNAMBUCO,PE,cedro,2604304,RESOLVED,,27
CHÃ DE ALEGRIA,PERNAMBUCO,PE,cha de alegria,2604403,RESOLVED,,28
CHÃ GRANDE,PERNAMBUCO,PE,cha grande,2604502,RESOLVED,,16
CONDADO,PERNAMBUCO,PE,condado,2604601,RESOLVED,,58
CORRENTES,PERNAMBUCO,PE,correntes,2604700,RESOLVED,,25
CORTÊS,PERNAMBUCO,PE,cortes,2604809,RESOLVED,,29
CUMARU,PERNAMBUCO,PE,cumaru,2604908,RESOLVED,,51
CUPIRA,PERNAMBUCO,PE,cupira,2605004,RESOLVED,,10
CUSTÓDIA,PERNAMBUCO,PE,custodia,2605103,RESOLVED,,278
DORMENTES,PERNAMBUCO,PE,dormentes,2605152,RESOLVED,,1349
ESCADA,PERNAMBUCO,PE,escada,2605202,RESOLVED,,144
EXU,PERNAMBUCO,PE,exu,2605301,RESOLVED,,1158
FEIRA NOVA,PERNAMBUCO,PE,feira nova,2605400,RESOLVED,,18
FERREIROS,PERNAMBUCO,PE,ferreiros,2605509,RESOLVED,,42
FLORES,PERNAMBUCO,PE,flores,2605608,RESOLVED,,475
FLORESTA,PERNAMBUCO,PE,floresta,2605707,RESOLVED,,77
FREI MIGUELINHO,PERNAMBUCO,PE,frei miguelinho,2605806,RESOLVED,,9
GAMELEIRA,PERNAMBUCO,PE,gameleira,2605905,RESOLVED,,69
GARANHUNS,PERNAMBUCO,PE,garanhuns,2606002,RESOLVED,,53
GLÓRIA DO GOITÁ,PERNAMBUCO,PE,gloria do goita,2606101,RESOLVED,,68
GOIANA,PERNAMBUCO,PE,goiana,2606200,RESOLVED,,194
GRANITO,PERNAMBUCO,PE,granito,2606309,RESOLVED,,448
GRAVATÁ,PERNAMBUCO,PE,gravata,2606408,RESOLVED,,71
IATI,PERNAMBUCO,PE,iati,2606507,RESOLVED,,107
IBIMIRIM,PERNAMBUCO,PE,ibimirim,2606606,RESOLVED,,94
IBIRAJUBA,PERNAMBUCO,PE,ibirajuba,2606705,RESOLVED,,14
IGARASSU,PERNAMBUCO,PE,igarassu,2606804,RESOLVED,,44
IGUARACY,PERNAMBUCO,PE,iguaracy,2606903,RESOLVED,,359
INAJÁ,PERNAMBUCO,PE,inaja,2607000,RESOLVED,,176
INGAZEIRA,PERNAMBUCO,PE,ingazeira,2607109,RESOLVED,,163
IPOJUCA,PERNAMBUCO,PE,ipojuca,2607208,RESOLVED,,154
IPUBI,PERNAMBUCO,PE,ipubi,2607307,RESOLVED,,737
ITACURUBA,PERNAMBUCO,PE,itacuruba,2607406,RESOLVED,,5
ITAMBÉ,PERNAMBUCO,PE,itambe,2607653,RESOLVED,,132
ITAPETIM,PERNAMBUCO,PE,itapetim,2607703,RESOLVED,,131
ITAPISSUMA,PERNAMBUCO,PE,itapissuma,2607752,RESOLVED,,19
ITAQUITINGA,PERNAMBUCO,PE,itaquitinga,2607802,RESOLVED,,36
ITAÍBA,PERNAMBUCO,PE,itaiba,2607505,RESOLVED,,108
JABOATÃO DOS GUARARAPES,PERNAMBUCO,PE,jaboatao dos guararapes,2607901,RESOLVED,,50
JAQUEIRA,PERNAMBUCO,PE,jaqueira,2607950,RESOLVED,,28
JATAÚBA,PERNAMBUCO,PE,jatauba,2608008,RESOLVED,,154
JATOBÁ,PERNAMBUCO,PE,jatoba,2608057,RESOLVED,,3
JOAQUIM NABUCO,PERNAMBUCO,PE,joaquim nabuco,2608206,RESOLVED,,30
JOÃO ALFREDO,PERNAMBUCO,PE,joao alfredo,2608107,RESOLVED,,25
JUCATI,PERNAMBUCO,PE,jucati,2608255,RESOLVED,,3
JUREMA,PERNAMBUCO,PE,jurema,2608404,RESOLVED,,9
LAGOA DE ITAENGA,PERNAMBUCO,PE,lagoa de itaenga,2608503,RESOLVED,,10
LAGOA DO CARRO,PERNAMBUCO,PE,lagoa do carro,2608453,RESOLVED,,10
LAGOA DO OURO,PERNAMBUCO,PE,lagoa do ouro,2608602,RESOLVED,,39
LAGOA DOS GATOS,PERNAMBUCO,PE,lagoa dos gatos,2608701,RESOLVED,,28
LAGOA GRANDE,PERNAMBUCO,PE,lagoa grande,2608750,RESOLVED,,260
LAJEDO,PERNAMBUCO,PE,lajedo,2608800,RESOLVED,,2
LIMOEIRO,PERNAMBUCO,PE,limoeiro,2608909,RESOLVED,,54
MACAPARANA,PERNAMBUCO,PE,macaparana,2609006,RESOLVED,,12
MACHADOS,PERNAMBUCO,PE,machados,2609105,RESOLVED,,3
MANARI,PERNAMBUCO,PE,manari,2609154,RESOLVED,,51
MARAIAL,PERNAMBUCO,PE,maraial,2609204,RESOLVED,,69
MIRANDIBA,PERNAMBUCO,PE,mirandiba,2609303,RESOLVED,,119
MOREILÂNDIA,PERNAMBUCO,PE,moreilandia,2614303,RESOLVED,,350
MORENO,PERNAMBUCO,PE,moreno,2609402,RESOLVED,,40
NAZARÉ DA MATA,PERNAMBUCO,PE,nazare da mata,2609501,RESOLVED,,50
OROBÓ,PERNAMBUCO,PE,orobo,2609709,RESOLVED,,16
OROCÓ,PERNAMBUCO,PE,oroco,2609808,RESOLVED,,72
OURICURI,PERNAMBUCO,PE,ouricuri,2609907,RESOLVED,,1144
PALMARES,PERNAMBUCO,PE,palmares,2610004,RESOLVED,,86
PALMEIRINA,PERNAMBUCO,PE,palmeirina,2610103,RESOLVED,,11
PANELAS,PERNAMBUCO,PE,panelas,2610202,RESOLVED,,38
PARANATAMA,PERNAMBUCO,PE,paranatama,2610301,RESOLVED,,10
PARNAMIRIM,PERNAMBUCO,PE,parnamirim,2610400,RESOLVED,,974
PASSIRA,PERNAMBUCO,PE,passira,2610509,RESOLVED,,39
PAUDALHO,PERNAMBUCO,PE,paudalho,2610608,RESOLVED,,75
PEDRA,PERNAMBUCO,PE,pedra,2610806,RESOLVED,,212
PESQUEIRA,PERNAMBUCO,PE,pesqueira,2610905,RESOLVED,,504
PETROLINA,PERNAMBUCO,PE,petrolina,2611101,RESOLVED,,1399
PETROLÂNDIA,PERNAMBUCO,PE,petrolandia,2611002,RESOLVED,,19
POMBOS,PERNAMBUCO,PE,pombos,2611309,RESOLVED,,79
POÇÃO,PERNAMBUCO,PE,pocao,2611200,RESOLVED,,100
PRIMAVERA,PERNAMBUCO,PE,primavera,2611408,RESOLVED,,32
QUIPAPÁ,PERNAMBUCO,PE,quipapa,2611507,RESOLVED,,48
QUIXABA,PERNAMBUCO,PE,quixaba,2611533,RESOLVED,,316
RECIFE,PERNAMBUCO,PE,recife,2611606,RESOLVED,,9
RIACHO DAS ALMAS,PERNAMBUCO,PE,riacho das almas,2611705,RESOLVED,,21
RIBEIRÃO,PERNAMBUCO,PE,ribeirao,2611804,RESOLVED,,60
RIO FORMOSO,PERNAMBUCO,PE,rio formoso,2611903,RESOLVED,,51
SAIRÉ,PERNAMBUCO,PE,saire,2612000,RESOLVED,,21
SALGADINHO,PERNAMBUCO,PE,salgadinho,2612109,RESOLVED,,7
SALGUEIRO,PERNAMBUCO,PE,salgueiro,2612208,RESOLVED,,275
SALOÁ,PERNAMBUCO,PE,saloa,2612307,RESOLVED,,19
SANHARÓ,PERNAMBUCO,PE,sanharo,2612406,RESOLVED,,125
SANTA CRUZ,PERNAMBUCO,PE,santa cruz,2612455,RESOLVED,,724
SANTA CRUZ DA BAIXA VERDE,PERNAMBUCO,PE,santa cruz da baixa verde,2612471,RESOLVED,,85
SANTA CRUZ DO CAPIBARIBE,PERNAMBUCO,PE,santa cruz do capibaribe,2612505,RESOLVED,,8
SANTA FILOMENA,PERNAMBUCO,PE,santa filomena,2612554,RESOLVED,,773
SANTA MARIA DA BOA VISTA,PERNAMBUCO,PE,santa maria da boa vista,2612604,RESOLVED,,580
SANTA MARIA DO CAMBUCÁ,PERNAMBUCO,PE,santa maria do cambuca,2612703,RESOLVED,,1
SANTA TEREZINHA,PERNAMBUCO,PE,santa terezinha,2612802,RESOLVED,,208
SERRA TALHADA,PERNAMBUCO,PE,serra talhada,2613909,RESOLVED,,920
SERRITA,PERNAMBUCO,PE,serrita,2614006,RESOLVED,,758
SERTÂNIA,PERNAMBUCO,PE,sertania,2614105,RESOLVED,,242
SIRINHAÉM,PERNAMBUCO,PE,sirinhaem,2614204,RESOLVED,,98
SOLIDÃO,PERNAMBUCO,PE,solidao,2614402,RESOLVED,,193
SURUBIM,PERNAMBUCO,PE,surubim,2614501,RESOLVED,,23
SÃO BENEDITO DO SUL,PERNAMBUCO,PE,sao benedito do sul,2612901,RESOLVED,,30
SÃO BENTO DO UNA,PERNAMBUCO,PE,sao bento do una,2613008,RESOLVED,,79
SÃO CAITANO,PERNAMBUCO,PE,sao caitano,2613107,RESOLVED,,41
SÃO JOAQUIM DO MONTE,PERNAMBUCO,PE,sao joaquim do monte,2613305,RESOLVED,,38
SÃO JOSÉ DA COROA GRANDE,PERNAMBUCO,PE,sao jose da coroa grande,2613404,RESOLVED,,47
SÃO JOSÉ DO BELMONTE,PERNAMBUCO,PE,sao jose do belmonte,2613503,RESOLVED,,997
SÃO JOSÉ DO EGITO,PERNAMBUCO,PE,sao jose do egito,2613602,RESOLVED,,349
SÃO JOÃO,PERNAMBUCO,PE,sao joao,2613206,RESOLVED,,14
SÃO LOURENÇO DA MATA,PERNAMBUCO,PE,sao lourenco da mata,2613701,RESOLVED,,95
SÃO VICENTE FÉRRER,PERNAMBUCO,PE,sao vicente ferrer,2613800,RESOLVED,,3
TABIRA,PERNAMBUCO,PE,tabira,2614600,RESOLVED,,479
TACAIMBÓ,PERNAMBUCO,PE,tacaimbo,2614709,RESOLVED,,45
TACARATU,PERNAMBUCO,PE,tacaratu,2614808,RESOLVED,,102
TAMANDARÉ,PERNAMBUCO,PE,tamandare,2614857,RESOLVED,,56
TAQUARITINGA DO NORTE,PERNAMBUCO,PE,taquaritinga do norte,2615003,RESOLVED,,53
TEREZINHA,PERNAMBUCO,PE,terezinha,2615102,RESOLVED,,22
TERRA NOVA,PERNAMBUCO,PE,terra nova,2615201,RESOLVED,,40
TIMBAÚBA,PERNAMBUCO,PE,timbauba,2615300,RESOLVED,,99
TORITAMA,PERNAMBUCO,PE,toritama,2615409,RESOLVED,,5
TRACUNHAÉM,PERNAMBUCO,PE,tracunhaem,2615508,RESOLVED,,80
TRINDADE,PERNAMBUCO,PE,trindade,2615607,RESOLVED,,162
TRIUNFO,PERNAMBUCO,PE,triunfo,2615706,RESOLVED,,195
TUPANATINGA,PERNAMBUCO,PE,tupanatinga,2615805,RESOLVED,,168
TUPARETAMA,PERNAMBUCO,PE,tuparetama,2615904,RESOLVED,,99
VENTUROSA,PERNAMBUCO,PE,venturosa,2616001,RESOLVED,,50
VERDEJANTE,PERNAMBUCO,PE,verdejante,2616100,RESOLVED,,74
VERTENTE DO LÉRIO,PERNAMBUCO,PE,vertente do lerio,2616183,RESOLVED,,4
VERTENTES,PERNAMBUCO,PE,vertentes,2616209,RESOLVED,,12
VICÊNCIA,PERNAMBUCO,PE,vicencia,2616308,RESOLVED,,61
VITÓRIA DE SANTO ANTÃO,PERNAMBUCO,PE,vitoria de santo antao,2616407,RESOLVED,,123
XEXÉU,PERNAMBUCO,PE,xexeu,2616506,RESOLVED,,38
ÁGUA PRETA,PERNAMBUCO,PE,agua preta,2600401,RESOLVED,,131
ÁGUAS BELAS,PERNAMBUCO,PE,aguas belas,2600500,RESOLVED,,88
ACAUÃ,PIAUÍ,PI,acaua,2200053,RESOLVED,,623
AGRICOLÂNDIA,PIAUÍ,PI,agricolandia,2200103,RESOLVED,,263
ALAGOINHA DO PIAUÍ,PIAUÍ,PI,alagoinha do piaui,2200251,RESOLVED,,208
ALEGRETE DO PIAUÍ,PIAUÍ,PI,alegrete do piaui,2200277,RESOLVED,,107
ALTO LONGÁ,PIAUÍ,PI,alto longa,2200301,RESOLVED,,349
ALTOS,PIAUÍ,PI,altos,2200400,RESOLVED,,438
ALVORADA DO GURGUÉIA,PIAUÍ,PI,alvorada do gurgueia,2200459,RESOLVED,,2769
AMARANTE,PIAUÍ,PI,amarante,2200509,RESOLVED,,1205
ANGICAL DO PIAUÍ,PIAUÍ,PI,angical do piaui,2200608,RESOLVED,,257
ANTÔNIO ALMEIDA,PIAUÍ,PI,antonio almeida,2200806,RESOLVED,,1592
ANÍSIO DE ABREU,PIAUÍ,PI,anisio de abreu,2200707,RESOLVED,,253
AROAZES,PIAUÍ,PI,aroazes,2200905,RESOLVED,,378
AROEIRAS DO ITAIM,PIAUÍ,PI,aroeiras do itaim,2200954,RESOLVED,,173
ARRAIAL,PIAUÍ,PI,arraial,2201002,RESOLVED,,276
ASSUNÇÃO DO PIAUÍ,PIAUÍ,PI,assuncao do piaui,2201051,RESOLVED,,1969
AVELINO LOPES,PIAUÍ,PI,avelino lopes,2201101,RESOLVED,,1186
BAIXA GRANDE DO RIBEIRO,PIAUÍ,PI,baixa grande do ribeiro,2201150,RESOLVED,,13255
BARRA D'ALCÂNTARA,PIAUÍ,PI,barra d'alcantara,2201176,RESOLVED,,277
BARRAS,PIAUÍ,PI,barras,2201200,RESOLVED,,1815
BARREIRAS DO PIAUÍ,PIAUÍ,PI,barreiras do piaui,2201309,RESOLVED,,3184
BARRO DURO,PIAUÍ,PI,barro duro,2201408,RESOLVED,,139
BATALHA,PIAUÍ,PI,batalha,2201507,RESOLVED,,2134
BELA VISTA DO PIAUÍ,PIAUÍ,PI,bela vista do piaui,2201556,RESOLVED,,137
BELÉM DO PIAUÍ,PIAUÍ,PI,belem do piaui,2201572,RESOLVED,,56
BENEDITINOS,PIAUÍ,PI,beneditinos,2201606,RESOLVED,,149
BERTOLÍNIA,PIAUÍ,PI,bertolinia,2201705,RESOLVED,,1828
BETÂNIA DO PIAUÍ,PIAUÍ,PI,betania do piaui,2201739,RESOLVED,,385
BOA HORA,PIAUÍ,PI,boa hora,2201770,RESOLVED,,211
BOCAINA,PIAUÍ,PI,bocaina,2201804,RESOLVED,,134
BOM JESUS,PIAUÍ,PI,bom jesus,2201903,RESOLVED,,4036
BOM PRINCÍPIO DO PIAUÍ,PIAUÍ,PI,bom principio do piaui,2201919,RESOLVED,,1034
BONFIM DO PIAUÍ,PIAUÍ,PI,bonfim do piaui,2201929,RESOLVED,,141
BOQUEIRÃO DO PIAUÍ,PIAUÍ,PI,boqueirao do piaui,2201945,RESOLVED,,80
BRASILEIRA,PIAUÍ,PI,brasileira,2201960,RESOLVED,,468
BREJO DO PIAUÍ,PIAUÍ,PI,brejo do piaui,2201988,RESOLVED,,1414
BURITI DOS LOPES,PIAUÍ,PI,buriti dos lopes,2202000,RESOLVED,,531
BURITI DOS MONTES,PIAUÍ,PI,buriti dos montes,2202026,RESOLVED,,2642
CABECEIRAS DO PIAUÍ,PIAUÍ,PI,cabeceiras do piaui,2202059,RESOLVED,,130
CAJAZEIRAS DO PIAUÍ,PIAUÍ,PI,cajazeiras do piaui,2202075,RESOLVED,,198
CAJUEIRO DA PRAIA,PIAUÍ,PI,cajueiro da praia,2202083,RESOLVED,,944
CALDEIRÃO GRANDE DO PIAUÍ,PIAUÍ,PI,caldeirao grande do piaui,2202091,RESOLVED,,346
CAMPINAS DO PIAUÍ,PIAUÍ,PI,campinas do piaui,2202109,RESOLVED,,194
CAMPO ALEGRE DO FIDALGO,PIAUÍ,PI,campo alegre do fidalgo,2202117,RESOLVED,,69
CAMPO GRANDE DO PIAUÍ,PIAUÍ,PI,campo grande do piaui,2202133,RESOLVED,,117
CAMPO LARGO DO PIAUÍ,PIAUÍ,PI,campo largo do piaui,2202174,RESOLVED,,494
CAMPO MAIOR,PIAUÍ,PI,campo maior,2202208,RESOLVED,,554
CANAVIEIRA,PIAUÍ,PI,canavieira,2202251,RESOLVED,,2092
CANTO DO BURITI,PIAUÍ,PI,canto do buriti,2202307,RESOLVED,,2651
CAPITÃO DE CAMPOS,PIAUÍ,PI,capitao de campos,2202406,RESOLVED,,264
CAPITÃO GERVÁSIO OLIVEIRA,PIAUÍ,PI,capitao gervasio oliveira,2202455,RESOLVED,,169
CARACOL,PIAUÍ,PI,caracol,2202505,RESOLVED,,1025
CARAÚBAS DO PIAUÍ,PIAUÍ,PI,caraubas do piaui,2202539,RESOLVED,,379
CARIDADE DO PIAUÍ,PIAUÍ,PI,caridade do piaui,2202554,RESOLVED,,386
CASTELO DO PIAUÍ,PIAUÍ,PI,castelo do piaui,2202604,RESOLVED,,897
CAXINGÓ,PIAUÍ,PI,caxingo,2202653,RESOLVED,,246
COCAL,PIAUÍ,PI,cocal,2202703,RESOLVED,,1445
COCAL DE TELHA,PIAUÍ,PI,cocal de telha,2202711,RESOLVED,,124
COCAL DOS ALVES,PIAUÍ,PI,cocal dos alves,2202729,RESOLVED,,334
COIVARAS,PIAUÍ,PI,coivaras,2202737,RESOLVED,,112
COLÔNIA DO GURGUÉIA,PIAUÍ,PI,colonia do gurgueia,2202752,RESOLVED,,533
COLÔNIA DO PIAUÍ,PIAUÍ,PI,colonia do piaui,2202778,RESOLVED,,1095
CONCEIÇÃO DO CANINDÉ,PIAUÍ,PI,conceicao do caninde,2202802,RESOLVED,,110
CORONEL JOSÉ DIAS,PIAUÍ,PI,coronel jose dias,2202851,RESOLVED,,67
CORRENTE,PIAUÍ,PI,corrente,2202901,RESOLVED,,4032
CRISTALÂNDIA DO PIAUÍ,PIAUÍ,PI,cristalandia do piaui,2203008,RESOLVED,,1573
CRISTINO CASTRO,PIAUÍ,PI,cristino castro,2203107,RESOLVED,,1840
CURIMATÁ,PIAUÍ,PI,curimata,2203206,RESOLVED,,2305
CURRAIS,PIAUÍ,PI,currais,2203230,RESOLVED,,4119
CURRAL NOVO DO PIAUÍ,PIAUÍ,PI,curral novo do piaui,2203271,RESOLVED,,286
CURRALINHOS,PIAUÍ,PI,curralinhos,2203255,RESOLVED,,379
DEMERVAL LOBÃO,PIAUÍ,PI,demerval lobao,2203305,RESOLVED,,159
DIRCEU ARCOVERDE,PIAUÍ,PI,dirceu arcoverde,2203354,RESOLVED,,90
DOM EXPEDITO LOPES,PIAUÍ,PI,dom expedito lopes,2203404,RESOLVED,,199
DOM INOCÊNCIO,PIAUÍ,PI,dom inocencio,2203453,RESOLVED,,87
DOMINGOS MOURÃO,PIAUÍ,PI,domingos mourao,2203420,RESOLVED,,200
ELESBÃO VELOSO,PIAUÍ,PI,elesbao veloso,2203503,RESOLVED,,689
ELISEU MARTINS,PIAUÍ,PI,eliseu martins,2203602,RESOLVED,,665
ESPERANTINA,PIAUÍ,PI,esperantina,2203701,RESOLVED,,1415
FARTURA DO PIAUÍ,PIAUÍ,PI,fartura do piaui,2203750,RESOLVED,,188
FLORES DO PIAUÍ,PIAUÍ,PI,flores do piaui,2203800,RESOLVED,,1471
FLORESTA DO PIAUÍ,PIAUÍ,PI,floresta do piaui,2203859,RESOLVED,,40
FLORIANO,PIAUÍ,PI,floriano,2203909,RESOLVED,,6425
FRANCINÓPOLIS,PIAUÍ,PI,francinopolis,2204006,RESOLVED,,263
FRANCISCO AYRES,PIAUÍ,PI,francisco ayres,2204105,RESOLVED,,528
FRANCISCO MACEDO,PIAUÍ,PI,francisco macedo,2204154,RESOLVED,,136
FRANCISCO SANTOS,PIAUÍ,PI,francisco santos,2204204,RESOLVED,,391
FRONTEIRAS,PIAUÍ,PI,fronteiras,2204303,RESOLVED,,449
GEMINIANO,PIAUÍ,PI,geminiano,2204352,RESOLVED,,397
GILBUÉS,PIAUÍ,PI,gilbues,2204402,RESOLVED,,4826
GUADALUPE,PIAUÍ,PI,guadalupe,2204501,RESOLVED,,2546
GUARIBAS,PIAUÍ,PI,guaribas,2204550,RESOLVED,,496
HUGO NAPOLEÃO,PIAUÍ,PI,hugo napoleao,2204600,RESOLVED,,329
ILHA GRANDE,PIAUÍ,PI,ilha grande,2204659,RESOLVED,,98
INHUMA,PIAUÍ,PI,inhuma,2204709,RESOLVED,,892
IPIRANGA DO PIAUÍ,PIAUÍ,PI,ipiranga do piaui,2204808,RESOLVED,,419
ISAÍAS COELHO,PIAUÍ,PI,isaias coelho,2204907,RESOLVED,,270
ITAINÓPOLIS,PIAUÍ,PI,itainopolis,2205003,RESOLVED,,247
ITAUEIRA,PIAUÍ,PI,itaueira,2205102,RESOLVED,,3454
JACOBINA DO PIAUÍ,PIAUÍ,PI,jacobina do piaui,2205151,RESOLVED,,1703
JAICÓS,PIAUÍ,PI,jaicos,2205201,RESOLVED,,220
JARDIM DO MULATO,PIAUÍ,PI,jardim do mulato,2205250,RESOLVED,,884
JATOBÁ DO PIAUÍ,PIAUÍ,PI,jatoba do piaui,2205276,RESOLVED,,186
JERUMENHA,PIAUÍ,PI,jerumenha,2205300,RESOLVED,,4501
JOAQUIM PIRES,PIAUÍ,PI,joaquim pires,2205409,RESOLVED,,550
JOCA MARQUES,PIAUÍ,PI,joca marques,2205458,RESOLVED,,98
JOSÉ DE FREITAS,PIAUÍ,PI,jose de freitas,2205508,RESOLVED,,560
JOÃO COSTA,PIAUÍ,PI,joao costa,2205359,RESOLVED,,587
JUAZEIRO DO PIAUÍ,PIAUÍ,PI,juazeiro do piaui,2205516,RESOLVED,,215
JUREMA,PIAUÍ,PI,jurema,2205532,RESOLVED,,993
JÚLIO BORGES,PIAUÍ,PI,julio borges,2205524,RESOLVED,,1482
LAGOA ALEGRE,PIAUÍ,PI,lagoa alegre,2205557,RESOLVED,,100
LAGOA DE SÃO FRANCISCO,PIAUÍ,PI,lagoa de sao francisco,2205573,RESOLVED,,432
LAGOA DO BARRO DO PIAUÍ,PIAUÍ,PI,lagoa do barro do piaui,2205565,RESOLVED,,309
LAGOA DO PIAUÍ,PIAUÍ,PI,lagoa do piaui,2205581,RESOLVED,,160
LAGOA DO SÍTIO,PIAUÍ,PI,lagoa do sitio,2205599,RESOLVED,,638
LAGOINHA DO PIAUÍ,PIAUÍ,PI,lagoinha do piaui,2205540,RESOLVED,,158
LANDRI SALES,PIAUÍ,PI,landri sales,2205607,RESOLVED,,2416
LUZILÂNDIA,PIAUÍ,PI,luzilandia,2205805,RESOLVED,,415
LUÍS CORREIA,PIAUÍ,PI,luis correia,2205706,RESOLVED,,2916
MADEIRO,PIAUÍ,PI,madeiro,2205854,RESOLVED,,92
MANOEL EMÍDIO,PIAUÍ,PI,manoel emidio,2205904,RESOLVED,,2384
MARCOLÂNDIA,PIAUÍ,PI,marcolandia,2205953,RESOLVED,,99
MARCOS PARENTE,PIAUÍ,PI,marcos parente,2206001,RESOLVED,,1712
MASSAPÊ DO PIAUÍ,PIAUÍ,PI,massape do piaui,2206050,RESOLVED,,173
MATIAS OLÍMPIO,PIAUÍ,PI,matias olimpio,2206100,RESOLVED,,165
MIGUEL ALVES,PIAUÍ,PI,miguel alves,2206209,RESOLVED,,555
MIGUEL LEÃO,PIAUÍ,PI,miguel leao,2206308,RESOLVED,,204
MILTON BRANDÃO,PIAUÍ,PI,milton brandao,2206357,RESOLVED,,433
MONSENHOR GIL,PIAUÍ,PI,monsenhor gil,2206407,RESOLVED,,300
MONSENHOR HIPÓLITO,PIAUÍ,PI,monsenhor hipolito,2206506,RESOLVED,,218
MONTE ALEGRE DO PIAUÍ,PIAUÍ,PI,monte alegre do piaui,2206605,RESOLVED,,2562
MORRO CABEÇA NO TEMPO,PIAUÍ,PI,morro cabeca no tempo,2206654,RESOLVED,,3371
MORRO DO CHAPÉU DO PIAUÍ,PIAUÍ,PI,morro do chapeu do piaui,2206670,RESOLVED,,452
MURICI DOS PORTELAS,PIAUÍ,PI,murici dos portelas,2206696,RESOLVED,,256
NAZARÉ DO PIAUÍ,PIAUÍ,PI,nazare do piaui,2206704,RESOLVED,,1650
NAZÁRIA,PIAUÍ,PI,nazaria,2206720,RESOLVED,,228
NOSSA SENHORA DE NAZARÉ,PIAUÍ,PI,nossa senhora de nazare,2206753,RESOLVED,,39
NOSSA SENHORA DOS REMÉDIOS,PIAUÍ,PI,nossa senhora dos remedios,2206803,RESOLVED,,356
NOVA SANTA RITA,PIAUÍ,PI,nova santa rita,2207959,RESOLVED,,247
NOVO ORIENTE DO PIAUÍ,PIAUÍ,PI,novo oriente do piaui,2206902,RESOLVED,,422
NOVO SANTO ANTÔNIO,PIAUÍ,PI,novo santo antonio,2206951,RESOLVED,,91
OEIRAS,PIAUÍ,PI,oeiras,2207009,RESOLVED,,1753
OLHO D'ÁGUA DO PIAUÍ,PIAUÍ,PI,olho d'agua do piaui,2207108,RESOLVED,,314
PADRE MARCOS,PIAUÍ,PI,padre marcos,2207207,RESOLVED,,167
PAES LANDIM,PIAUÍ,PI,paes landim,2207306,RESOLVED,,151
PAJEÚ DO PIAUÍ,PIAUÍ,PI,pajeu do piaui,2207355,RESOLVED,,1165
PALMEIRA DO PIAUÍ,PIAUÍ,PI,palmeira do piaui,2207405,RESOLVED,,2822
PALMEIRAIS,PIAUÍ,PI,palmeirais,2207504,RESOLVED,,1501
PAQUETÁ,PIAUÍ,PI,paqueta,2207553,RESOLVED,,317
PARNAGUÁ,PIAUÍ,PI,parnagua,2207603,RESOLVED,,5603
PARNAÍBA,PIAUÍ,PI,parnaiba,2207702,RESOLVED,,824
PASSAGEM FRANCA DO PIAUÍ,PIAUÍ,PI,passagem franca do piaui,2207751,RESOLVED,,521
PATOS DO PIAUÍ,PIAUÍ,PI,patos do piaui,2207777,RESOLVED,,260
PAU D'ARCO DO PIAUÍ,PIAUÍ,PI,pau d'arco do piaui,2207793,RESOLVED,,104
PAULISTANA,PIAUÍ,PI,paulistana,2207801,RESOLVED,,1743
PAVUSSU,PIAUÍ,PI,pavussu,2207850,RESOLVED,,495
PEDRO II,PIAUÍ,PI,pedro ii,2207900,RESOLVED,,1021
PEDRO LAURENTINO,PIAUÍ,PI,pedro laurentino,2207934,RESOLVED,,527
PICOS,PIAUÍ,PI,picos,2208007,RESOLVED,,657
PIMENTEIRAS,PIAUÍ,PI,pimenteiras,2208106,RESOLVED,,3607
PIO IX,PIAUÍ,PI,pio ix,2208205,RESOLVED,,726
PIRACURUCA,PIAUÍ,PI,piracuruca,2208304,RESOLVED,,1783
PIRIPIRI,PIAUÍ,PI,piripiri,2208403,RESOLVED,,1238
PORTO,PIAUÍ,PI,porto,2208502,RESOLVED,,234
PORTO ALEGRE DO PIAUÍ,PIAUÍ,PI,porto alegre do piaui,2208551,RESOLVED,,2372
PRATA DO PIAUÍ,PIAUÍ,PI,prata do piaui,2208601,RESOLVED,,39
QUEIMADA NOVA,PIAUÍ,PI,queimada nova,2208650,RESOLVED,,478
REDENÇÃO DO GURGUÉIA,PIAUÍ,PI,redencao do gurgueia,2208700,RESOLVED,,1577
REGENERAÇÃO,PIAUÍ,PI,regeneracao,2208809,RESOLVED,,2062
RIACHO FRIO,PIAUÍ,PI,riacho frio,2208858,RESOLVED,,2380
RIBEIRA DO PIAUÍ,PIAUÍ,PI,ribeira do piaui,2208874,RESOLVED,,994
RIBEIRO GONÇALVES,PIAUÍ,PI,ribeiro goncalves,2208908,RESOLVED,,6862
RIO GRANDE DO PIAUÍ,PIAUÍ,PI,rio grande do piaui,2209005,RESOLVED,,437
SANTA CRUZ DO PIAUÍ,PIAUÍ,PI,santa cruz do piaui,2209104,RESOLVED,,272
SANTA CRUZ DOS MILAGRES,PIAUÍ,PI,santa cruz dos milagres,2209153,RESOLVED,,330
SANTA FILOMENA,PIAUÍ,PI,santa filomena,2209203,RESOLVED,,8648
SANTA LUZ,PIAUÍ,PI,santa luz,2209302,RESOLVED,,581
SANTA ROSA DO PIAUÍ,PIAUÍ,PI,santa rosa do piaui,2209377,RESOLVED,,129
SANTANA DO PIAUÍ,PIAUÍ,PI,santana do piaui,2209351,RESOLVED,,284
SANTO ANTÔNIO DE LISBOA,PIAUÍ,PI,santo antonio de lisboa,2209401,RESOLVED,,333
SANTO ANTÔNIO DOS MILAGRES,PIAUÍ,PI,santo antonio dos milagres,2209450,RESOLVED,,76
SANTO INÁCIO DO PIAUÍ,PIAUÍ,PI,santo inacio do piaui,2209500,RESOLVED,,878
SEBASTIÃO BARROS,PIAUÍ,PI,sebastiao barros,2210623,RESOLVED,,1437
SEBASTIÃO LEAL,PIAUÍ,PI,sebastiao leal,2210631,RESOLVED,,5954
SIGEFREDO PACHECO,PIAUÍ,PI,sigefredo pacheco,2210656,RESOLVED,,330
SIMPLÍCIO MENDES,PIAUÍ,PI,simplicio mendes,2210805,RESOLVED,,429
SIMÕES,PIAUÍ,PI,simoes,2210706,RESOLVED,,502
SOCORRO DO PIAUÍ,PIAUÍ,PI,socorro do piaui,2210904,RESOLVED,,434
SUSSUAPARA,PIAUÍ,PI,sussuapara,2210938,RESOLVED,,234
SÃO BRAZ DO PIAUÍ,PIAUÍ,PI,sao braz do piaui,2209559,RESOLVED,,751
SÃO FRANCISCO DE ASSIS DO PIAUÍ,PIAUÍ,PI,sao francisco de assis do piaui,2209658,RESOLVED,,381
SÃO FRANCISCO DO PIAUÍ,PIAUÍ,PI,sao francisco do piaui,2209708,RESOLVED,,1034
SÃO FÉLIX DO PIAUÍ,PIAUÍ,PI,sao felix do piaui,2209609,RESOLVED,,142
SÃO GONÇALO DO GURGUÉIA,PIAUÍ,PI,sao goncalo do gurgueia,2209757,RESOLVED,,1960
SÃO GONÇALO DO PIAUÍ,PIAUÍ,PI,sao goncalo do piaui,2209807,RESOLVED,,235
SÃO JOSÉ DO DIVINO,PIAUÍ,PI,sao jose do divino,2210052,RESOLVED,,316
SÃO JOSÉ DO PEIXE,PIAUÍ,PI,sao jose do peixe,2210102,RESOLVED,,1805
SÃO JOSÉ DO PIAUÍ,PIAUÍ,PI,sao jose do piaui,2210201,RESOLVED,,623
SÃO JOÃO DA CANABRAVA,PIAUÍ,PI,sao joao da canabrava,2209856,RESOLVED,,267
SÃO JOÃO DA FRONTEIRA,PIAUÍ,PI,sao joao da fronteira,2209872,RESOLVED,,255
SÃO JOÃO DA SERRA,PIAUÍ,PI,sao joao da serra,2209906,RESOLVED,,271
SÃO JOÃO DA VARJOTA,PIAUÍ,PI,sao joao da varjota,2209955,RESOLVED,,247
SÃO JOÃO DO ARRAIAL,PIAUÍ,PI,sao joao do arraial,2209971,RESOLVED,,231
SÃO JOÃO DO PIAUÍ,PIAUÍ,PI,sao joao do piaui,2210003,RESOLVED,,1012
SÃO JULIÃO,PIAUÍ,PI,sao juliao,2210300,RESOLVED,,112
SÃO LOURENÇO DO PIAUÍ,PIAUÍ,PI,sao lourenco do piaui,2210359,RESOLVED,,69
SÃO LUIS DO PIAUÍ,PIAUÍ,PI,sao luis do piaui,2210375,RESOLVED,,60
SÃO MIGUEL DA BAIXA GRANDE,PIAUÍ,PI,sao miguel da baixa grande,2210383,RESOLVED,,197
SÃO MIGUEL DO FIDALGO,PIAUÍ,PI,sao miguel do fidalgo,2210391,RESOLVED,,656
SÃO MIGUEL DO TAPUIO,PIAUÍ,PI,sao miguel do tapuio,2210409,RESOLVED,,3482
SÃO PEDRO DO PIAUÍ,PIAUÍ,PI,sao pedro do piaui,2210508,RESOLVED,,614
SÃO RAIMUNDO NONATO,PIAUÍ,PI,sao raimundo nonato,2210607,RESOLVED,,961
TAMBORIL DO PIAUÍ,PIAUÍ,PI,tamboril do piaui,2210953,RESOLVED,,1104
TANQUE DO PIAUÍ,PIAUÍ,PI,tanque do piaui,2210979,RESOLVED,,233
TERESINA,PIAUÍ,PI,teresina,2211001,RESOLVED,,1524
UNIÃO,PIAUÍ,PI,uniao,2211100,RESOLVED,,385
URUÇUÍ,PIAUÍ,PI,urucui,2211209,RESOLVED,,15226
VALENÇA DO PIAUÍ,PIAUÍ,PI,valenca do piaui,2211308,RESOLVED,,1100
VERA MENDES,PIAUÍ,PI,vera mendes,2211506,RESOLVED,,74
VILA NOVA DO PIAUÍ,PIAUÍ,PI,vila nova do piaui,2211605,RESOLVED,,31
VÁRZEA BRANCA,PIAUÍ,PI,varzea branca,2211357,RESOLVED,,222
VÁRZEA GRANDE,PIAUÍ,PI,varzea grande,2211407,RESOLVED,,275
WALL FERRAZ,PIAUÍ,PI,wall ferraz,2211704,RESOLVED,,50
ÁGUA BRANCA,PIAUÍ,PI,agua branca,2200202,RESOLVED,,146
