cut,ano,mes,model,n,wape,mae,rmse,y_sum,pred_sum
2023-01,2023,1,naive_lag12,31,1.0,0.5483870967741935,1.031753909143192,17.0,8.0
2023-01,2023,1,climatology_municipal,31,1.8328173374613002,1.0050933786078098,1.601592005758204,17.0,44.89473684210527
2023-01,2023,1,climatology_state,31,2.371117547188655,1.3002902678131334,1.4002067423869649,17.0,44.89473684210529
2023-01,2023,1,historical_mean_3y,31,0.8529411764705882,0.46774193548387094,0.8303710791159926,17.0,26.0
2023-01,2023,1,xgboost_poisson_flat,31,1.6171421539278328,0.8868198908636502,1.2864405520497066,17.0,38.85386839217896
2023-01,2023,1,xgboost_poisson_municipal,31,1.535427494870458,0.8420086262192834,1.4238085513934122,17.0,38.855862574336854
2023-01,2023,1,glm_poisson,31,1.5038865552002383,0.8247119818840016,0.9762385338094904,17.0,27.226688708544106
2023-01,2023,1,tweedie_p1.5,31,1.3114368785710266,0.7191750624421759,0.8881371820418168,17.0,21.685304658498183
2023-01,2023,1,random_forest_100,31,1.2524222452084732,0.6868121989852918,1.0448204313949578,17.0,30.57745166451633
2023-02,2023,2,naive_lag12,31,1.1111111111111112,0.3225806451612903,0.672021505032247,9.0,1.0
2023-02,2023,2,climatology_municipal,31,1.3976608187134503,0.4057724957555178,0.6132746524217445,9.0,6.315789473684211
2023-02,2023,2,climatology_state,31,1.3848330503678548,0.4020483049455062,0.5852905449500206,9.0,6.3157894736842115
2023-02,2023,2,historical_mean_3y,31,1.4444444444444444,0.41935483870967744,0.7307873693568256,9.0,7.333333333333332
2023-02,2023,2,xgboost_poisson_flat,31,1.3398121547499393,0.3889777223467566,0.6187130268772212,9.0,4.657820609049983
2023-02,2023,2,xgboost_poisson_municipal,31,1.3322143726246884,0.38677191463297406,0.6288413990929094,9.0,4.3817626238933265
2023-02,2023,2,glm_poisson,31,1.8054752058997825,0.5241702210676787,0.6080628441666416,9.0,12.736464929573064
2023-02,2023,2,tweedie_p1.5,31,1.5428753719344739,0.44793155959387954,0.5872564683766918,9.0,8.615472858614957
2023-02,2023,2,random_forest_100,31,1.1692667332230735,0.33946453545186006,0.6151926767214456,9.0,2.8807455544060905
2023-03,2023,3,naive_lag12,31,1.4,0.22580645161290322,0.5388159060803247,5.0,2.0
2023-03,2023,3,climatology_municipal,31,1.2947368421052632,0.20882852292020374,0.39533062301353605,5.0,2.3157894736842106
2023-03,2023,3,climatology_state,31,1.313752122241087,0.2118955035872721,0.3778533294191777,5.0,2.3157894736842097
2023-03,2023,3,historical_mean_3y,31,1.2000000000000002,0.19354838709677422,0.42333375666730166,5.0,1.0
2023-03,2023,3,xgboost_poisson_flat,31,1.2312898124252427,0.19859513103632948,0.3753074364488241,5.0,2.0758749800535456
2023-03,2023,3,xgboost_poisson_municipal,31,1.2378370912824737,0.19965114375523768,0.38423964129424515,5.0,2.078311128297846
2023-03,2023,3,glm_poisson,31,1.8541196958188912,0.29905156384175663,0.37368146951549813,5.0,6.212463501381321
2023-03,2023,3,tweedie_p1.5,31,1.5572268216017826,0.2511656163873843,0.37009768031017776,5.0,4.085083741412976
2023-03,2023,3,random_forest_100,31,1.1752884051725696,0.18956264599557573,0.3857905479463331,5.0,1.3508296284877241
2023-04,2023,4,naive_lag12,31,1.0,0.06451612903225806,0.3592106040535498,2.0,0.0
2023-04,2023,4,climatology_municipal,31,1.3421052631578947,0.0865874363327674,0.3538218262470533,2.0,0.7894736842105261
2023-04,2023,4,climatology_state,31,1.3692699490662135,0.08833999671394925,0.3555204213415348,2.0,0.7894736842105264
2023-04,2023,4,historical_mean_3y,31,1.0,0.06451612903225806,0.3592106040535498,2.0,0.0
2023-04,2023,4,xgboost_poisson_flat,31,1.5713637872034523,0.10137830885183563,0.3482699626155274,2.0,1.2983107357497468
2023-04,2023,4,xgboost_poisson_municipal,31,1.3230038215750353,0.0853550852629055,0.35000383137544083,2.0,0.7624867118848097
2023-04,2023,4,glm_poisson,31,2.85831613728419,0.18440749272801227,0.3598600228929345,2.0,3.963632771092874
2023-04,2023,4,tweedie_p1.5,31,2.2808949409967045,0.14715451232236804,0.3536820667033274,2.0,2.7448161645998677
2023-04,2023,4,random_forest_100,31,1.579428639933888,0.10189862193121858,0.35426637299430186,2.0,1.259330702585739
2023-05,2023,5,naive_lag12,31,1.6666666666666667,0.16129032258064516,0.47519096331149147,3.0,2.0
2023-05,2023,5,climatology_municipal,31,1.5964912280701755,0.15449915110356538,0.4117173962424822,3.0,1.7894736842105263
2023-05,2023,5,climatology_state,31,1.5195246179966047,0.1470507694835424,0.39172684472136676,3.0,1.789473684210527
2023-05,2023,5,historical_mean_3y,31,2.555555555555556,0.24731182795698925,0.5584155773160767,3.0,4.666666666666667
2023-05,2023,5,xgboost_poisson_flat,31,1.5953819538640568,0.1543918019868442,0.3965559312547257,3.0,2.0091311303415127
2023-05,2023,5,xgboost_poisson_municipal,31,1.478067348512054,0.14303877566245682,0.39281052101363756,3.0,1.6764323010929445
2023-05,2023,5,glm_poisson,31,2.157152085067299,0.20875665339360958,0.38950733345060573,3.0,4.013795163252389
2023-05,2023,5,tweedie_p1.5,31,1.8412965739114944,0.178189991023693,0.38873836432496833,3.0,2.9207335333814126
2023-05,2023,5,random_forest_100,31,1.349136942180719,0.13056163956587602,0.3982429105580457,3.0,1.1664760962658869
2023-06,2023,6,naive_lag12,31,3.0,0.3870967741935484,1.0776318121606494,4.0,10.0
2023-06,2023,6,climatology_municipal,31,1.842105263157895,0.2376910016977929,0.4613562737134832,4.0,4.105263157894737
2023-06,2023,6,climatology_state,31,1.8276740237690996,0.23582890629278705,0.42060741015590075,4.0,4.105263157894737
2023-06,2023,6,historical_mean_3y,31,2.7499999999999996,0.3548387096774193,0.6639730529575454,4.0,9.666666666666668
2023-06,2023,6,xgboost_poisson_flat,31,1.7811257647621743,0.2298226793241515,0.42643980794777386,4.0,3.9079428090569426
2023-06,2023,6,xgboost_poisson_municipal,31,1.6952608188837852,0.2187433314688755,0.4287848602133849,4.0,3.656855069987398
2023-06,2023,6,glm_poisson,31,2.240523805022212,0.2890998458093177,0.42537746426230777,4.0,6.155055934016927
2023-06,2023,6,tweedie_p1.5,31,1.975802462235369,0.25494225319166053,0.4202294185063449,4.0,4.842000813380688
2023-06,2023,6,random_forest_100,31,1.3617664743241416,0.1757118031385989,0.3929203196380137,4.0,2.344573887150175
2023-07,2023,7,naive_lag12,31,1.1714285714285715,1.3225806451612903,3.277489204234084,35.0,14.0
2023-07,2023,7,climatology_municipal,31,1.0545864661654134,1.190662139219015,2.970333915093079,35.0,9.352631578947369
2023-07,2023,7,climatology_state,31,1.0603389830508476,1.1971569163477311,3.030506028280625,35.0,9.35254237288136
2023-07,2023,7,historical_mean_3y,31,1.0952380952380953,1.2365591397849462,2.907782167325552,35.0,14.666666666666668
2023-07,2023,7,xgboost_poisson_flat,31,1.1116531323023868,1.255092246147856,3.0506277297532653,35.0,11.47483590559704
2023-07,2023,7,xgboost_poisson_municipal,31,1.0714107419648589,1.2096572893151631,3.0270270823546324,35.0,11.045919658592098
2023-07,2023,7,glm_poisson,31,1.0865625080008623,1.2267641219364573,3.002088313474882,35.0,12.995453144909748
2023-07,2023,7,tweedie_p1.5,31,1.070536873331311,1.2086706634385769,3.01980812998008,35.0,10.626132551211914
2023-07,2023,7,random_forest_100,31,1.1214538483675398,1.266157570737545,3.1000327014390057,35.0,9.785048612213298
2023-08,2023,8,naive_lag12,30,1.0,1.6666666666666667,2.6204325342711394,50.0,40.0
2023-08,2023,8,climatology_municipal,30,0.7237629858961128,1.206271643160188,1.8943741478425205,50.0,30.101633986928107
2023-08,2023,8,climatology_state,30,1.0022030981067127,1.6703384968445212,2.319877247716515,50.0,30.413080895008612
2023-08,2023,8,historical_mean_3y,30,0.7133333333333332,1.1888888888888887,1.9597807889508307,50.0,31.666666666666664
2023-08,2023,8,xgboost_poisson_flat,30,0.8372928615290921,1.3954881025484869,2.052189378080531,50.0,40.568167376282865
2023-08,2023,8,xgboost_poisson_municipal,30,0.8635290288521819,1.4392150480869697,2.1667445839753268,50.0,37.41826468041563
2023-08,2023,8,glm_poisson,30,0.9938373424182798,1.656395570697133,2.2746596187087804,50.0,31.9582767764996
2023-08,2023,8,tweedie_p1.5,30,0.9803977057620831,1.6339961762701385,2.2977507200063254,50.0,28.28823756294751
2023-08,2023,8,random_forest_100,30,0.8307659823401573,1.3846099705669288,2.127640141070918,50.0,24.42921191277293
2023-09,2023,9,naive_lag12,30,0.732484076433121,3.8333333333333335,6.0635523141692005,157.0,80.0
2023-09,2023,9,climatology_municipal,30,0.6444994401828225,3.3728804036234377,5.379900216646177,157.0,70.93804609563124
2023-09,2023,9,climatology_state,30,0.7950914110562814,4.160978384527874,6.315964240507761,157.0,70.85324232081909
2023-09,2023,9,historical_mean_3y,30,0.6496815286624203,3.4,5.266244708835067,157.0,81.66666666666666
2023-09,2023,9,xgboost_poisson_flat,30,0.6269573968708919,3.2810770436243346,5.221726047247923,157.0,85.11940094210898
2023-09,2023,9,xgboost_poisson_municipal,30,0.605744458085585,3.170062663981228,5.107125387535046,157.0,82.78509740275818
2023-09,2023,9,glm_poisson,30,0.7701326814900545,4.030361033131285,6.158675105684774,157.0,76.64513752772166
2023-09,2023,9,tweedie_p1.5,30,0.7763402365771134,4.062847238086893,6.246584486806178,157.0,70.03938366981731
2023-09,2023,9,random_forest_100,30,0.656446292592251,3.4354022645661133,5.710712694606827,157.0,63.686265017596156
2023-10,2023,10,naive_lag12,30,0.7174447174447175,9.733333333333333,16.74912933060502,407.0,243.0
2023-10,2023,10,climatology_municipal,30,0.659911853874702,8.952804150900125,15.016787342557421,407.0,205.22739938080497
2023-10,2023,10,climatology_state,30,0.9102069712239204,12.348474576271185,21.4559620162398,407.0,201.81355932203383
2023-10,2023,10,historical_mean_3y,30,0.6994266994266993,9.488888888888887,16.2311999510773,407.0,195.00000000000003
2023-10,2023,10,xgboost_poisson_flat,30,0.6896409421096565,9.356128781287675,16.489229481068612,407.0,229.25717272277518
2023-10,2023,10,xgboost_poisson_municipal,30,0.6984765156486824,9.475998062300457,16.742828496304003,407.0,216.28062951076163
2023-10,2023,10,glm_poisson,30,0.8619246012920597,11.693443757528943,20.646253552135942,407.0,171.14671902866883
2023-10,2023,10,tweedie_p1.5,30,0.8586468867904041,11.648976097456483,20.771335881806284,407.0,162.2574783874148
2023-10,2023,10,random_forest_100,30,0.7534737932292418,10.222127794810046,17.9393405864575,407.0,177.8519554477742
2023-11,2023,11,naive_lag12,30,0.4629080118694362,5.2,7.681145747868608,337.0,229.0
2023-11,2023,11,climatology_municipal,30,0.3444137194676924,3.8689141153537445,6.27871821879193,337.0,327.9118679050568
2023-11,2023,11,climatology_state,30,0.8326228742713403,9.353130287648055,14.882179015026873,337.0,320.5583756345179
2023-11,2023,11,historical_mean_3y,30,0.3936696340257171,4.422222222222222,7.090421290309488,337.0,232.33333333333331
2023-11,2023,11,xgboost_poisson_flat,30,0.3460186326865946,3.886942640512746,5.358261749276953,337.0,282.9452792508247
2023-11,2023,11,xgboost_poisson_municipal,30,0.3531193663079724,3.96670754819289,5.696093621286406,337.0,281.97572896634153
2023-11,2023,11,glm_poisson,30,0.5582136163717561,6.270599623909394,9.97308480517287,337.0,240.9037019851478
2023-11,2023,11,tweedie_p1.5,30,0.48188668129350826,5.4131937198637425,7.725881709876685,337.0,296.7777631176267
2023-11,2023,11,random_forest_100,30,0.5077155115728745,5.703337580001957,10.072563851022398,337.0,205.06255377457023
2023-12,2023,12,naive_lag12,30,0.4565916398713826,4.733333333333333,7.741662181555931,311.0,213.0
2023-12,2023,12,climatology_municipal,30,0.355262549539475,3.682888430225891,5.084985225133084,311.0,274.76102511179914
2023-12,2023,12,climatology_state,30,0.9460068225961774,9.806937394247038,14.271815823868543,311.0,268.0203045685279
2023-12,2023,12,historical_mean_3y,30,0.5798499464094319,6.01111111111111,9.762171889492624,311.0,166.0
2023-12,2023,12,xgboost_poisson_flat,30,0.46215768346858943,4.791034651957711,8.708944580134562,311.0,203.20442198069125
2023-12,2023,12,xgboost_poisson_municipal,30,0.472045446977933,4.8935378003379055,8.836660219834586,311.0,187.0004508911045
2023-12,2023,12,glm_poisson,30,0.5798131801484963,6.010729967539411,11.109624007003285,311.0,220.58047509149353
2023-12,2023,12,tweedie_p1.5,30,0.6324016189494214,6.555896783109001,11.994079299636175,311.0,224.1851706520371
2023-12,2023,12,random_forest_100,30,0.4622356433543429,4.791842836106688,8.121600520578573,311.0,193.71620502261538
2024-01,2024,1,naive_lag12,30,0.8767123287671232,2.1333333333333333,3.151719107619417,73.0,17.0
2024-01,2024,1,climatology_municipal,30,0.6616438356164384,1.6099999999999999,2.3335595128472724,73.0,43.50000000000001
2024-01,2024,1,climatology_state,30,0.9783473265576669,2.3806451612903228,3.200001625910097,73.0,42.096774193548406
2024-01,2024,1,historical_mean_3y,30,0.815068493150685,1.9833333333333334,3.018001546277492,73.0,21.0
2024-01,2024,1,xgboost_poisson_flat,30,0.7031817957015901,1.7110757028738695,2.5267863264560555,73.0,42.034853516422686
2024-01,2024,1,xgboost_poisson_municipal,30,0.7417623352312483,1.8049550157293708,2.7278345485305713,73.0,37.532093572288986
2024-01,2024,1,glm_poisson,30,0.849724437053151,2.067662796829334,2.9043324147813934,73.0,32.302835595163835
2024-01,2024,1,tweedie_p1.5,30,0.8549533431900989,2.0803864684292406,2.9660797533508494,73.0,27.132357725919302
2024-01,2024,1,random_forest_100,30,0.7947784987517553,1.9339610136292713,2.7788346765153684,73.0,30.817231487646154
2024-02,2024,2,naive_lag12,30,1.3,0.43333333333333335,0.752772652709081,10.0,9.0
2024-02,2024,2,climatology_municipal,30,1.2950000000000004,0.43166666666666675,0.6613748306873091,10.0,6.45
2024-02,2024,2,climatology_state,30,1.3329032258064522,0.44430107526881735,0.6617510852170828,10.0,6.241935483870968
2024-02,2024,2,historical_mean_3y,30,1.4999999999999998,0.49999999999999994,0.79115480528524,10.0,9.666666666666666
2024-02,2024,2,xgboost_poisson_flat,30,1.245644770484518,0.41521492349483935,0.6303263761482508,10.0,6.392408208474379
2024-02,2024,2,xgboost_poisson_municipal,30,1.2334982641752323,0.4111660880584108,0.6656312025297607,10.0,4.982443376252807
2024-02,2024,2,glm_poisson,30,1.5791641767657474,0.5263880589219158,0.6150851603512486,10.0,14.087570329374717
2024-02,2024,2,tweedie_p1.5,30,1.407847316692609,0.4692824388975364,0.6166769686674554,10.0,9.618582725480964
2024-02,2024,2,random_forest_100,30,1.2527786630600044,0.41759288768666813,0.681475043634346,10.0,5.010631004949484
2024-03,2024,3,naive_lag12,30,1.75,0.23333333333333334,0.5477225575051661,4.0,5.0
2024-03,2024,3,climatology_municipal,30,1.4874999999999996,0.19833333333333328,0.5529466520379701,4.0,2.4499999999999997
2024-03,2024,3,climatology_state,30,1.513709677419355,0.20182795698924733,0.5643617300374868,4.0,2.370967741935484
2024-03,2024,3,historical_mean_3y,30,1.5,0.2,0.5510931896727664,4.0,2.6666666666666665
2024-03,2024,3,xgboost_poisson_flat,30,1.477471997099683,0.19699626627995773,0.5650566545726174,4.0,2.1987133078480716
2024-03,2024,3,xgboost_poisson_municipal,30,1.373392222191512,0.18311896295886826,0.5771230924714591,4.0,1.5960907043112835
2024-03,2024,3,glm_poisson,30,2.4296894716798714,0.3239585962239829,0.5725133458914073,4.0,6.566740826336726
2024-03,2024,3,tweedie_p1.5,30,1.945719411738607,0.25942925489848095,0.5640135082640089,4.0,4.335716912650291
2024-03,2024,3,random_forest_100,30,1.435853348233386,0.19144711309778478,0.5625756257642693,4.0,2.079048068263189
2024-04,2024,4,naive_lag12,30,0.6,0.1,0.408248290463863,5.0,2.0
2024-04,2024,4,climatology_municipal,30,1.0699999999999998,0.1783333333333333,0.7234754084740315,5.0,0.8500000000000002
2024-04,2024,4,climatology_state,30,1.14258064516129,0.1904301075268817,0.7471805021145836,5.0,0.8225806451612906
2024-04,2024,4,historical_mean_3y,30,0.8666666666666668,0.14444444444444446,0.6353768202442577,5.0,0.6666666666666666
2024-04,2024,4,xgboost_poisson_flat,30,1.1118087174100761,0.18530145290167935,0.6856690838086649,5.0,1.3780310825161037
2024-04,2024,4,xgboost_poisson_municipal,30,1.0207527702930428,0.17012546171550713,0.6748152554611356,5.0,1.039562912952886
2024-04,2024,4,glm_poisson,30,1.68447968574988,0.28074661429164666,0.7330440509620693,5.0,3.9795805898982675
2024-04,2024,4,tweedie_p1.5,30,1.485274255820718,0.247545709303453,0.7353565330784125,5.0,2.83295163827722
2024-04,2024,4,random_forest_100,30,1.12382715495931,0.18730452582655166,0.6696806236208871,5.0,1.655591389651214
2024-05,2024,5,naive_lag12,30,1.0909090909090908,0.4,1.1254628677422756,11.0,3.0
2024-05,2024,5,climatology_municipal,30,1.1136363636363635,0.4083333333333333,1.1021569761154713,11.0,1.8500000000000003
2024-05,2024,5,climatology_state,30,1.119354838709678,0.41043010752688186,1.1224072137689771,11.0,1.7903225806451606
2024-05,2024,5,historical_mean_3y,30,1.0606060606060606,0.3888888888888889,0.9047201327032124,11.0,4.666666666666667
2024-05,2024,5,xgboost_poisson_flat,30,1.1514329540549908,0.4221920831534966,1.1172666824958868,11.0,2.3608232114678667
2024-05,2024,5,xgboost_poisson_municipal,30,1.135722865805651,0.4164317174620721,1.1260654896962046,11.0,1.8826294680603375
2024-05,2024,5,glm_poisson,30,1.2671400489045601,0.46461801793167207,1.1053982090068837,11.0,3.9967822724482165
2024-05,2024,5,tweedie_p1.5,30,1.1929719092230846,0.43742303338179767,1.1108924406656355,11.0,2.9942657191335966
2024-05,2024,5,random_forest_100,30,1.1302936971700766,0.41444102229569474,1.1351239391056602,11.0,1.7147579936154724
2024-06,2024,6,naive_lag12,30,1.0,0.5333333333333333,1.2649110640673518,16.0,4.0
2024-06,2024,6,climatology_municipal,30,1.0874999999999997,0.5799999999999998,1.2550564396339579,16.0,4.1000000000000005
2024-06,2024,6,climatology_state,30,1.132258064516129,0.6038709677419355,1.2947652014216122,16.0,3.9677419354838714
2024-06,2024,6,historical_mean_3y,30,1.1250000000000002,0.6000000000000001,1.1122216672215286,16.0,9.333333333333332
2024-06,2024,6,xgboost_poisson_flat,30,0.8323548694324141,0.44392259703062087,0.9241466655494304,16.0,7.508520985167319
2024-06,2024,6,xgboost_poisson_municipal,30,0.6507162011896218,0.34704864063446494,0.7849893886746093,16.0,9.616695218749168
2024-06,2024,6,glm_poisson,30,1.2040694048236216,0.6421703492392649,1.2721635482080558,16.0,6.269502243563193
2024-06,2024,6,tweedie_p1.5,30,1.1650971173624223,0.6213851292599586,1.2792267686398346,16.0,5.1433880563914265
2024-06,2024,6,random_forest_100,30,0.9986464432096878,0.5326114363785002,1.2312557272998603,16.0,3.5854084676660127
2024-07,2024,7,naive_lag12,30,3.0833333333333335,1.2333333333333334,3.3015148038438356,12.0,35.0
2024-07,2024,7,climatology_municipal,30,1.3944444444444446,0.5577777777777778,1.1359447039228496,12.0,10.633333333333335
2024-07,2024,7,climatology_state,30,1.457326892109501,0.5829307568438005,1.1150110092496734,12.0,10.289855072463773
2024-07,2024,7,historical_mean_3y,30,1.8333333333333337,0.7333333333333335,1.6261747890200624,12.0,20.000000000000004
2024-07,2024,7,xgboost_poisson_flat,30,1.410715785308316,0.5642863141233264,1.0222868328319024,12.0,14.289724596317747
2024-07,2024,7,xgboost_poisson_municipal,30,1.6079313142774236,0.6431725257109695,1.1056674037521395,12.0,16.16637877498651
2024-07,2024,7,glm_poisson,30,1.6230678122988156,0.6492271249195263,1.1155190161196566,12.0,13.835482081519427
2024-07,2024,7,tweedie_p1.5,30,1.5169052713155935,0.6067621085262374,1.1104322183521655,12.0,11.729125294452215
2024-07,2024,7,random_forest_100,30,1.2454594734565736,0.49818378938262947,1.0832832631054146,12.0,9.55965395238863
2024-08,2024,8,naive_lag12,22,1.0,2.8636363636363638,3.6618425565677875,63.0,42.0
2024-08,2024,8,climatology_municipal,22,0.7343411438649533,2.102886002886003,3.0915622714083204,63.0,28.59206349206349
2024-08,2024,8,climatology_state,22,0.8427246512352895,2.4132569558101475,3.8096076354011457,63.0,23.00818330605565
2024-08,2024,8,historical_mean_3y,22,0.8095238095238096,2.3181818181818183,3.188521078284832,63.0,33.33333333333333
2024-08,2024,8,xgboost_poisson_flat,22,0.6319149727633947,1.8095746947315392,2.5114259391269553,63.0,35.34880013862067
2024-08,2024,8,xgboost_poisson_municipal,22,0.6323825135143873,1.8109135614275638,2.57648967336833,63.0,33.21423723855969
2024-08,2024,8,glm_poisson,22,0.8338749545177955,2.387914642482778,3.7136138281588886,63.0,25.212152100405795
2024-08,2024,8,tweedie_p1.5,22,0.8356529961043728,2.3930063070261585,3.783786503604525,63.0,22.160292744552034
2024-08,2024,8,random_forest_100,22,0.7254010807512776,2.077284913060477,2.8815893333556146,63.0,23.108679019310582
2024-09,2024,9,naive_lag12,22,0.7685185185185185,3.772727272727273,6.1901681575044325,108.0,117.0
2024-09,2024,9,climatology_municipal,22,0.650139623750735,3.191594516594517,4.818863036925137,108.0,62.71825396825397
2024-09,2024,9,climatology_state,22,0.814814814814815,4.000000000000001,5.457805003577482,108.0,55.03571428571429
2024-09,2024,9,historical_mean_3y,22,0.7098765432098766,3.484848484848485,5.004038772871773,108.0,80.66666666666666
2024-09,2024,9,xgboost_poisson_flat,22,0.712726905763006,3.498841173745666,4.710778378644907,108.0,82.98403434808034
2024-09,2024,9,xgboost_poisson_municipal,22,0.6602540864469519,3.241247333466855,4.624526864787574,108.0,73.33477802866486
2024-09,2024,9,glm_poisson,22,0.7564240745306434,3.713354547695886,4.953563975397513,108.0,65.8312619969882
2024-09,2024,9,tweedie_p1.5,22,0.7508524220580063,3.686002799193849,5.011115532217109,108.0,61.26481110130556
2024-09,2024,9,random_forest_100,22,0.7253594269409965,3.5608553686194373,5.111864178391124,108.0,72.66424218676386
2024-10,2024,10,naive_lag12,22,0.8044280442804428,9.909090909090908,12.670653280137316,271.0,375.0
2024-10,2024,10,climatology_municipal,22,0.524134598488842,6.456385281385281,9.994368557096612,271.0,189.62142857142857
2024-10,2024,10,climatology_state,22,0.8085466015950481,9.95982404692082,16.63168809554184,271.0,155.2774193548387
2024-10,2024,10,historical_mean_3y,22,0.38499384993849944,4.742424242424243,7.253351715662982,271.0,242.6666666666667
2024-10,2024,10,xgboost_poisson_flat,22,0.5137791742842581,6.328825283228816,8.331501636320839,271.0,325.15971155842317
2024-10,2024,10,xgboost_poisson_municipal,22,0.46387765833912936,5.71412933681382,7.641132603640415,271.0,308.94537554955593
2024-10,2024,10,glm_poisson,22,0.4648471559405951,5.7260717845409665,8.025373472541178,271.0,235.98990561991042
2024-10,2024,10,tweedie_p1.5,22,0.4784695027355096,5.89387432915105,8.394947161494304,271.0,233.3039928000245
2024-10,2024,10,random_forest_100,22,0.39982527884985,4.925120480377697,6.803090899753081,271.0,249.6566825949364
2024-11,2024,11,naive_lag12,22,0.4522144522144522,8.818181818181818,14.975737954195354,429.0,301.0
2024-11,2024,11,climatology_municipal,22,0.4902975192448877,9.56080162527531,16.905712546439585,429.0,290.23538011695905
2024-11,2024,11,climatology_state,22,0.7888659917645424,15.382886839408577,27.66901073704882,429.0,235.65861513687597
2024-11,2024,11,historical_mean_3y,22,0.5236985236985237,10.212121212121211,18.448672997089393,429.0,243.0
2024-11,2024,11,xgboost_poisson_flat,22,0.5609513473818255,10.938551273945597,19.488608322910114,429.0,270.349184925078
2024-11,2024,11,xgboost_poisson_municipal,22,0.5563619115392212,10.849057275014813,19.618649479266022,429.0,253.87076596466383
2024-11,2024,11,glm_poisson,22,0.5517811840485198,10.759733088946136,19.187540888522292,429.0,247.44874032187167
2024-11,2024,11,tweedie_p1.5,22,0.5589617006526186,10.899753162726062,19.05311088052045,429.0,308.8895531331193
2024-11,2024,11,random_forest_100,22,0.658199640244933,12.834892984776195,23.657842846438403,429.0,192.82812052705003
2024-12,2024,12,naive_lag12,22,0.370757180156658,6.454545454545454,9.510759457296007,383.0,291.0
2024-12,2024,12,climatology_municipal,22,0.457253774121989,7.960372522214627,12.034581927307132,383.0,257.4329573934837
2024-12,2024,12,climatology_state,22,0.8119936260474344,14.136070853462154,19.25877438961558,383.0,198.07085346215788
2024-12,2024,12,historical_mean_3y,22,0.5021758050478677,8.742424242424242,12.375235943062444,383.0,198.66666666666666
2024-12,2024,12,xgboost_poisson_flat,22,0.419601073920435,7.304873241433028,10.966762462388168,383.0,249.01604322177624
2024-12,2024,12,xgboost_poisson_municipal,22,0.435379380525092,7.579559215505011,11.139504070899095,383.0,256.0360366810696
2024-12,2024,12,glm_poisson,22,0.5585409055227271,9.723689400691113,12.942959642566718,383.0,216.6841865071124
2024-12,2024,12,tweedie_p1.5,22,0.5465771878708285,9.515411952478514,13.352552316602276,383.0,266.5686101311134
2024-12,2024,12,random_forest_100,22,0.5355072781491287,9.322694887778013,13.056304366385433,383.0,194.9708441588441
